food_id,food_name,meal_type,diet_type,calories_kcal,carbohydrates_g,protein_g,fat_g,fiber_g,calcium_mg,magnesium_mg,iron_mg,zinc_mg,vitamin_A,vitamin_B1,vitamin_B2,vitamin_B12,vitamin_C,vitamin_D,vitamin_E,vitamin_K,vitamin_H
1,Oats Porridge,Breakfast,Veg,258,33.75,4.7,11.58,3.65,346.45,98.98,3.08,2.78,18.81,49.05,77.43,65.07,6.54,60.27,85.65,56.1,32.14
2,Fruit Salad,Breakfast,Veg,104,6.05,7.03,5.74,11.73,22.83,102.79,1.69,2.45,19.88,29.22,29.3,58.2,1.16,40.61,17.89,70.27,22.28
3,Egg Omelette,Dinner,Non-Veg,210,39.55,8.38,2.03,10.94,267.32,30.75,7.69,0.59,56.34,68.64,76.95,53.13,51.48,83.16,41.39,35.96,41.33
4,Grilled Chicken,Lunch,Non-Veg,366,13.05,34.22,19.66,4.67,122.69,115.09,7.83,0.74,59.11,11.75,40.12,39.0,19.84,26.46,6.04,54.86,48.39
5,Paneer Curry,Dinner,Veg,431,22.62,30.59,24.24,2.05,222.98,51.44,5.93,1.73,33.9,86.54,81.73,38.43,85.26,35.42,38.83,62.23,1.18
6,Vegetable Khichdi,Dinner,Veg,118,0.0,12.4,9.31,5.97,142.32,67.09,0.87,1.15,62.88,46.94,37.64,43.87,50.03,71.06,57.27,1.45,44.71
7,Idli,Breakfast,Veg,185,26.85,15.89,1.56,8.01,264.7,48.42,3.3,4.68,10.79,43.96,57.76,19.91,47.61,84.57,34.8,78.92,23.92
8,Dosa,Breakfast,Veg,158,20.1,2.93,7.32,7.65,274.5,79.97,5.52,2.81,54.52,18.42,40.59,50.14,68.45,29.7,4.42,83.33,18.05
9,Curd Rice,Lunch,Veg,347,37.77,20.7,12.57,11.74,185.11,70.27,5.07,0.94,32.44,17.59,55.13,59.34,41.94,81.89,87.57,54.55,85.94
10,Vegetable Biryani,Lunch,Veg,449,55.93,25.38,13.75,13.13,320.06,17.68,7.62,0.88,20.52,60.91,30.68,86.1,72.99,49.64,60.04,70.61,67.95
11,Rice and Dal,Lunch,Veg,415,63.18,8.35,14.32,6.4,219.94,32.34,0.91,0.62,72.2,17.29,73.53,89.42,54.9,35.41,50.3,60.29,42.17
12,Rice and Dal,Lunch,Veg,269,5.36,22.63,17.45,14.13,202.2,109.64,1.82,3.52,41.11,65.78,33.41,62.43,53.47,74.22,25.79,9.7,33.9
13,Rice and Dal,Lunch,Veg,210,0.0,3.96,23.67,11.02,334.1,44.09,2.97,2.4,89.72,5.94,5.18,54.14,44.76,43.16,54.56,85.43,71.84
14,Fruit Salad,Breakfast,Veg,265,31.98,11.57,10.09,8.12,205.5,105.43,4.98,4.81,24.18,64.72,72.34,29.19,45.07,80.02,15.31,13.5,58.81
15,Oats Porridge,Breakfast,Veg,81,0.0,14.26,10.51,14.92,228.93,42.33,2.78,1.65,72.45,42.71,66.84,10.3,5.66,25.6,54.71,59.4,34.04
16,Egg Omelette,Dinner,Non-Veg,159,0.0,20.85,19.4,12.74,158.56,94.24,7.38,1.61,4.13,40.63,53.44,85.12,70.44,26.93,38.23,53.73,2.35
17,Grilled Chicken,Lunch,Non-Veg,295,27.13,7.6,17.34,7.62,181.15,94.36,2.53,1.14,59.64,34.53,89.88,75.52,6.25,22.07,42.81,10.94,86.61
18,Rice and Dal,Lunch,Veg,130,5.33,24.51,1.18,8.1,285.95,15.03,1.25,1.4,79.41,10.66,54.55,48.71,44.56,82.37,62.88,4.04,1.8
19,Fruit Salad,Breakfast,Veg,129,0.0,30.61,9.58,6.26,268.63,87.85,3.38,1.52,7.64,31.33,11.43,26.52,64.65,66.87,27.04,41.65,42.81
20,Idli,Breakfast,Veg,220,7.31,3.14,19.8,3.01,298.5,58.98,2.15,2.98,6.09,79.89,8.91,68.68,31.8,87.12,36.82,7.47,7.45
21,Fish Curry,Dinner,Non-Veg,226,4.97,29.23,9.91,14.81,176.47,81.41,3.26,4.31,2.17,23.3,60.66,31.85,24.63,57.24,24.34,39.87,64.22
22,Idli,Breakfast,Veg,186,0.0,4.56,24.19,2.63,313.34,58.95,3.67,1.36,38.36,58.48,68.6,64.09,51.99,10.03,43.69,64.1,60.37
23,Grilled Chicken,Lunch,Non-Veg,185,5.55,18.45,9.89,2.92,62.86,97.94,3.54,4.93,5.81,4.65,32.32,14.47,85.44,34.06,23.27,4.04,43.17
24,Curd Rice,Lunch,Veg,220,6.27,14.76,15.1,11.6,108.01,16.6,2.19,0.85,23.34,55.38,60.98,79.77,17.48,22.52,53.6,30.85,3.52
25,Curd Rice,Lunch,Veg,308,51.1,13.14,5.67,15.0,33.59,67.09,5.68,4.34,72.07,87.37,84.79,73.99,2.56,19.0,58.53,65.24,47.9
26,Dosa,Breakfast,Veg,352,73.44,5.74,3.92,8.7,140.81,27.99,2.84,3.95,5.29,23.34,1.33,39.0,53.13,49.99,33.31,1.45,8.42
27,Oats Porridge,Breakfast,Veg,368,63.2,24.8,1.78,4.62,80.5,41.13,3.54,2.77,72.3,87.71,68.54,85.05,31.69,46.3,21.95,14.02,88.41
28,Rice and Dal,Lunch,Veg,87,0.0,26.6,5.02,9.77,97.79,19.23,5.7,1.93,9.3,46.86,66.49,77.56,63.73,50.85,62.05,24.63,43.81
29,Curd Rice,Lunch,Veg,316,55.37,13.57,4.47,12.51,85.03,44.6,6.52,2.0,9.49,72.82,65.62,18.61,87.62,1.96,22.52,66.79,58.79
30,Egg Omelette,Dinner,Non-Veg,272,15.72,5.32,20.87,13.05,23.11,31.45,0.62,1.48,63.01,10.54,43.9,56.27,37.93,22.26,12.64,35.85,15.4
31,Grilled Chicken,Lunch,Non-Veg,331,23.97,13.58,20.09,6.89,73.31,71.0,6.31,1.88,43.96,69.48,5.72,11.55,27.09,63.92,51.89,1.95,60.56
32,Vegetable Khichdi,Dinner,Veg,181,28.95,4.89,5.07,8.09,183.3,106.42,6.96,3.76,20.05,5.63,79.75,37.95,18.4,39.3,68.88,38.96,39.37
33,Idli,Breakfast,Veg,190,7.36,7.4,14.55,11.34,306.07,91.72,3.98,4.31,19.16,44.79,21.02,58.41,38.78,71.14,6.9,5.95,2.18
34,Egg Omelette,Dinner,Non-Veg,119,0.0,13.29,22.57,1.74,75.26,90.38,6.16,2.69,71.86,41.71,45.01,20.15,65.64,35.1,58.5,52.29,58.36
35,Fruit Salad,Breakfast,Veg,127,0.0,12.55,24.67,6.38,45.13,112.53,1.04,1.24,71.79,55.71,71.0,63.45,57.25,89.47,85.26,70.74,8.4
36,Vegetable Soup,Dinner,Veg,217,31.48,9.13,6.06,6.27,264.67,95.02,6.13,2.31,73.93,29.59,81.35,86.77,53.04,77.04,44.66,89.7,69.83
37,Egg Omelette,Dinner,Non-Veg,186,20.34,7.06,8.49,13.34,118.19,110.37,5.64,1.8,29.49,78.18,28.73,89.58,87.77,86.55,1.48,59.0,46.46
38,Vegetable Biryani,Lunch,Veg,89,0.0,11.26,6.65,2.59,203.78,31.24,2.78,3.59,83.78,26.46,87.56,32.05,28.79,49.06,54.52,6.38,49.05
39,Vegetable Biryani,Lunch,Veg,289,32.0,6.7,14.91,8.81,67.96,30.92,0.88,4.5,24.02,76.06,80.94,8.34,6.23,34.28,77.38,64.59,15.66
40,Egg Omelette,Dinner,Non-Veg,151,0.0,25.55,22.18,14.87,223.74,76.86,3.34,2.6,72.98,26.5,34.02,72.53,8.95,78.62,82.68,87.79,8.07
41,Fruit Salad,Breakfast,Veg,189,0.0,26.37,19.42,4.82,200.88,69.27,3.96,0.67,14.64,42.59,10.29,20.19,14.19,35.34,11.63,61.36,77.84
42,Rice and Dal,Lunch,Veg,387,74.5,9.34,5.74,12.77,184.55,38.98,5.59,2.22,56.8,40.42,41.28,29.66,55.23,63.16,20.89,31.67,44.83
43,Vegetable Biryani,Lunch,Veg,183,0.0,11.84,24.36,3.45,58.15,42.36,4.2,2.56,20.52,49.74,44.49,37.58,51.29,30.38,36.48,45.45,74.72
44,Curd Rice,Lunch,Veg,178,0.0,29.84,18.82,2.97,26.86,111.12,6.92,2.68,10.92,21.23,8.3,16.39,35.45,74.97,30.87,65.89,9.82
45,Oats Porridge,Breakfast,Veg,410,30.06,24.96,21.1,14.03,293.64,117.84,5.13,1.36,47.77,25.08,39.88,56.69,55.26,42.49,88.21,18.74,37.24
46,Chapati with Curry,Lunch,Veg,405,64.59,10.36,11.69,1.62,22.13,92.07,2.91,2.41,3.02,28.88,27.94,69.95,65.8,9.19,3.47,63.03,31.37
47,Vegetable Biryani,Lunch,Veg,318,58.0,19.05,1.09,12.7,208.34,32.37,3.09,0.6,4.45,65.0,58.53,42.93,66.31,80.64,87.29,38.25,35.18
48,Egg Omelette,Dinner,Non-Veg,286,0.0,31.71,18.33,13.88,341.88,55.33,3.52,2.45,58.34,32.55,42.65,29.11,82.3,42.67,86.08,44.94,61.79
49,Vegetable Biryani,Lunch,Veg,229,2.77,21.92,14.47,5.07,115.59,26.71,1.01,4.88,51.12,16.54,75.61,62.69,21.98,79.4,76.73,51.84,38.0
50,Egg Omelette,Dinner,Non-Veg,436,90.22,15.36,1.52,12.57,317.88,117.65,4.91,3.65,85.23,73.16,17.66,77.49,13.71,37.94,22.59,30.24,33.73
51,Dosa,Breakfast,Veg,131,1.34,26.78,2.06,11.03,278.09,46.6,3.11,3.11,57.26,59.37,58.43,82.35,89.75,30.97,59.81,45.5,39.37
52,Vegetable Upma,Breakfast,Veg,101,0.0,21.96,5.44,7.3,298.45,21.08,4.39,0.98,55.8,83.79,65.55,26.43,55.69,21.45,85.37,27.81,13.61
53,Vegetable Soup,Dinner,Veg,409,31.23,25.34,20.3,14.57,88.09,15.86,2.05,0.98,85.38,74.08,40.26,67.94,9.71,74.46,51.07,12.89,25.46
54,Vegetable Soup,Dinner,Veg,194,0.0,18.7,23.69,3.7,76.14,13.06,7.7,2.06,7.57,62.44,35.9,29.73,43.71,84.81,81.69,1.62,69.12
55,Grilled Chicken,Lunch,Non-Veg,310,28.3,20.29,12.85,8.07,207.24,39.21,1.67,3.21,62.68,8.13,78.76,57.41,37.13,21.52,59.68,5.43,72.0
56,Curd Rice,Lunch,Veg,403,84.28,13.45,1.34,13.99,167.46,112.33,6.98,4.05,60.82,7.61,37.12,26.46,11.98,59.51,73.35,67.88,27.0
57,Dosa,Breakfast,Veg,222,18.55,13.62,10.37,6.42,71.14,25.96,5.02,2.54,43.38,9.97,43.78,36.87,35.52,88.95,33.17,52.28,71.77
58,Chapati with Curry,Lunch,Veg,389,36.63,7.59,23.57,3.39,166.81,43.42,5.0,0.36,22.98,73.65,20.35,62.18,1.2,45.65,46.29,60.47,31.66
59,Curd Rice,Lunch,Veg,82,0.0,27.24,11.52,3.1,180.54,51.42,5.55,0.98,6.99,34.25,71.74,40.65,9.05,74.97,33.22,17.26,41.74
60,Chapati with Curry,Lunch,Veg,410,64.38,32.85,2.34,6.59,322.53,98.51,5.87,2.46,74.79,70.95,6.14,13.33,59.23,35.81,87.86,41.77,39.16
61,Vegetable Khichdi,Dinner,Veg,297,16.68,13.29,19.68,8.16,170.38,84.7,2.1,0.65,43.31,46.45,33.34,87.04,64.6,65.81,71.96,48.38,4.3
62,Chapati with Curry,Lunch,Veg,244,36.32,8.05,7.39,3.62,226.34,95.83,2.83,4.62,38.66,35.39,18.43,75.24,76.86,66.4,89.1,33.72,62.86
63,Fruit Salad,Breakfast,Veg,331,56.98,13.6,5.41,8.89,314.32,99.1,3.55,4.29,9.84,75.72,45.44,69.95,88.62,19.49,74.36,88.3,9.84
64,Chapati with Curry,Lunch,Veg,112,0.0,32.14,10.31,12.41,111.86,102.34,7.9,1.82,1.04,10.84,57.53,89.18,6.31,36.67,8.95,22.26,66.37
65,Vegetable Soup,Dinner,Veg,260,28.98,28.26,3.45,13.18,159.34,110.18,0.87,0.41,33.56,23.7,68.58,27.01,33.1,25.51,38.83,49.57,21.28
66,Fruit Salad,Breakfast,Veg,313,38.64,13.2,11.74,7.78,72.61,34.79,4.89,3.81,9.49,55.76,48.8,4.74,34.7,22.41,45.4,35.43,59.75
67,Vegetable Upma,Breakfast,Veg,241,44.0,5.83,4.63,11.18,273.99,98.42,3.14,4.13,48.38,9.53,60.13,63.49,16.33,10.34,30.11,64.89,44.24
68,Dosa,Breakfast,Veg,90,0.0,8.03,9.77,14.74,319.22,32.03,4.26,2.88,88.98,84.97,2.34,32.87,39.42,33.5,43.36,30.66,44.19
69,Fish Curry,Dinner,Non-Veg,140,3.03,28.28,1.64,1.65,257.7,97.11,0.79,2.01,14.85,50.48,36.79,11.91,61.51,2.6,74.33,27.61,66.75
70,Curd Rice,Lunch,Veg,408,70.61,22.05,4.15,13.91,31.83,80.23,5.46,4.42,61.48,14.07,42.59,6.02,6.85,48.8,7.29,73.41,2.79
71,Vegetable Upma,Breakfast,Veg,244,0.0,18.24,23.96,8.29,327.51,60.72,2.09,0.68,32.89,31.91,73.44,3.86,23.03,37.8,44.85,51.86,52.86
72,Curd Rice,Lunch,Veg,283,45.92,8.22,7.38,1.03,145.51,13.16,7.51,1.86,61.67,48.22,0.64,64.81,21.05,21.21,8.5,10.04,14.02
73,Paneer Curry,Dinner,Veg,330,57.62,7.58,7.69,1.73,144.21,36.15,5.76,2.34,59.58,65.92,69.33,45.45,65.06,0.21,37.04,72.83,2.41
74,Dosa,Breakfast,Veg,395,30.95,15.98,23.03,6.91,122.13,108.15,4.52,4.31,80.83,41.92,24.46,50.73,3.71,30.72,63.16,17.88,78.17
75,Fruit Salad,Breakfast,Veg,341,35.28,4.43,20.24,8.41,89.65,94.66,7.68,4.84,4.91,55.03,43.46,80.65,25.73,52.16,50.49,88.06,25.13
76,Vegetable Khichdi,Dinner,Veg,248,13.59,7.93,17.99,14.05,117.3,81.21,4.07,0.66,86.58,60.47,49.95,20.89,84.37,73.33,55.49,35.36,48.93
77,Dosa,Breakfast,Veg,435,69.5,9.3,13.31,4.92,172.92,95.97,5.57,2.16,80.3,56.52,80.25,10.46,71.99,79.87,60.74,41.26,23.4
78,Vegetable Upma,Breakfast,Veg,292,0.0,32.47,21.31,10.64,102.3,39.25,6.48,3.62,28.48,49.25,79.52,46.3,16.95,35.6,9.27,24.89,49.43
79,Vegetable Upma,Breakfast,Veg,249,0.0,30.51,17.35,11.64,331.27,84.44,6.94,4.06,60.71,69.45,41.71,6.41,13.92,70.29,22.2,24.2,72.25
80,Dosa,Breakfast,Veg,444,77.33,7.44,11.66,8.36,185.18,101.75,3.71,2.46,66.28,84.53,50.2,10.89,46.59,27.25,80.15,27.96,40.98
81,Dosa,Breakfast,Veg,234,0.0,33.31,15.56,13.69,60.65,24.76,5.53,3.22,5.28,31.18,34.57,79.73,78.97,29.13,39.16,36.3,35.21
82,Vegetable Khichdi,Dinner,Veg,368,31.51,13.15,21.04,4.88,186.46,15.28,5.64,1.59,8.03,66.22,3.71,31.66,32.57,40.53,88.03,32.73,33.45
83,Paneer Curry,Dinner,Veg,213,0.0,29.55,11.88,8.97,238.43,49.66,5.09,2.0,70.51,16.89,1.41,50.88,20.38,78.14,19.76,68.78,86.74
84,Grilled Chicken,Lunch,Non-Veg,146,0.0,28.36,7.21,1.82,315.48,99.62,7.45,4.45,5.49,74.83,44.62,37.86,34.29,42.65,40.44,3.29,81.84
85,Dosa,Breakfast,Veg,189,15.39,9.74,9.83,1.76,278.24,99.87,1.48,4.1,1.34,21.96,52.79,43.85,79.07,72.56,47.93,16.69,63.96
86,Curd Rice,Lunch,Veg,344,76.62,6.14,1.44,4.82,224.87,91.24,2.11,3.78,33.12,52.65,73.82,25.03,2.27,7.2,51.79,89.52,33.69
87,Rice and Dal,Lunch,Veg,388,36.88,8.71,22.85,12.02,85.9,77.35,3.86,1.65,38.49,24.12,56.54,75.57,72.08,6.35,53.37,0.81,24.78
88,Fish Curry,Dinner,Non-Veg,110,0.0,18.4,18.54,11.21,77.83,47.98,5.65,0.87,17.99,14.74,61.24,60.98,88.27,63.56,0.84,67.62,15.5
89,Vegetable Soup,Dinner,Veg,95,0.0,20.0,9.77,12.53,76.2,82.6,7.13,3.82,41.04,54.69,82.04,7.49,57.13,66.06,21.47,58.8,64.86
90,Vegetable Upma,Breakfast,Veg,213,0.0,10.9,23.33,2.39,292.88,63.79,2.91,2.37,40.06,10.53,23.07,46.09,4.03,17.7,13.8,45.84,7.29
91,Vegetable Soup,Dinner,Veg,228,0.0,32.77,23.2,10.1,237.35,85.06,5.34,3.8,17.77,28.38,19.58,50.41,34.38,85.13,1.33,49.03,82.83
92,Fruit Salad,Breakfast,Veg,162,0.0,31.62,6.81,2.82,290.33,100.55,4.77,3.26,7.82,18.85,76.48,84.26,71.35,26.2,89.87,31.17,88.9
93,Rice and Dal,Lunch,Veg,150,0.0,33.75,3.42,5.02,305.75,36.73,1.88,4.19,82.57,34.02,61.21,43.1,32.33,43.79,73.41,65.96,8.99
94,Oats Porridge,Breakfast,Veg,405,64.51,25.94,4.8,10.66,91.58,68.83,1.16,0.96,58.38,82.86,88.44,44.92,51.83,77.29,48.69,26.09,16.45
95,Fish Curry,Dinner,Non-Veg,86,0.0,27.97,1.77,8.03,78.03,103.32,3.82,3.51,36.72,55.61,80.46,72.25,65.65,64.37,21.13,39.34,16.46
96,Grilled Chicken,Lunch,Non-Veg,359,26.05,26.01,16.75,4.65,274.79,34.42,4.7,1.05,61.38,20.15,47.58,28.29,63.76,39.82,12.24,37.56,13.19
97,Fruit Salad,Breakfast,Veg,125,0.0,25.29,4.35,12.16,45.56,30.56,7.92,2.53,1.4,56.62,56.38,1.18,32.44,23.42,41.9,57.77,77.36
98,Grilled Chicken,Lunch,Non-Veg,244,11.78,29.64,8.7,9.03,218.49,92.76,1.7,0.31,57.04,7.07,70.21,16.4,45.66,2.63,28.2,10.77,70.44
99,Vegetable Khichdi,Dinner,Veg,429,53.84,31.45,9.76,9.03,59.93,38.76,2.49,1.24,0.54,35.26,80.29,77.22,22.92,87.96,22.77,75.59,84.49
100,Dosa,Breakfast,Veg,120,0.0,18.54,20.24,1.16,174.6,105.38,4.78,4.45,36.28,79.59,24.6,1.07,23.25,48.32,82.29,57.02,67.7
101,Chapati with Curry,Lunch,Veg,233,13.84,25.65,8.34,3.83,45.26,33.62,5.14,1.65,50.68,47.79,68.49,55.88,79.69,9.39,87.91,39.01,31.96
102,Vegetable Khichdi,Dinner,Veg,139,0.0,18.96,18.11,4.21,208.36,111.53,6.06,3.08,16.06,14.52,12.56,12.89,25.72,25.96,24.65,29.01,10.65
103,Chapati with Curry,Lunch,Veg,142,0.0,26.11,12.13,10.54,301.57,91.62,1.69,2.79,87.76,16.27,70.74,47.25,52.6,74.09,36.05,35.93,41.16
104,Fish Curry,Dinner,Non-Veg,105,0.0,30.44,5.64,6.6,332.11,82.74,6.26,4.74,40.59,54.36,7.41,52.99,21.96,52.23,39.14,24.08,58.56
105,Vegetable Khichdi,Dinner,Veg,365,51.11,17.03,10.27,9.01,60.58,80.87,4.21,3.1,43.14,2.53,73.24,58.03,58.79,10.5,9.94,64.63,60.24
106,Fruit Salad,Breakfast,Veg,366,69.18,15.41,3.07,3.55,59.6,15.1,7.84,1.45,19.91,64.6,58.56,55.33,82.19,52.17,63.92,71.61,63.76
107,Rice and Dal,Lunch,Veg,373,17.97,27.47,21.25,8.07,191.84,86.99,6.38,2.52,76.81,9.43,76.02,6.99,53.76,59.87,28.12,24.96,81.19
108,Fish Curry,Dinner,Non-Veg,248,8.48,3.41,22.27,4.16,124.91,36.04,7.08,1.76,12.09,3.32,30.9,1.57,55.63,6.4,74.8,1.74,40.68
109,Vegetable Soup,Dinner,Veg,317,47.58,9.42,9.89,14.9,146.87,89.1,6.97,1.68,44.54,52.81,30.12,87.35,15.59,63.23,3.71,27.99,26.09
110,Fruit Salad,Breakfast,Veg,321,24.43,20.61,15.65,10.04,172.75,24.33,3.44,4.86,5.25,63.4,54.21,84.48,49.5,85.05,49.25,76.02,73.73
111,Chapati with Curry,Lunch,Veg,444,85.37,13.73,5.29,1.22,127.0,55.83,6.16,1.07,13.14,83.2,26.9,45.74,36.69,50.56,27.85,62.97,85.49
112,Dosa,Breakfast,Veg,442,76.47,12.39,9.62,9.04,304.41,28.6,5.53,1.31,63.16,78.87,73.04,82.56,73.9,64.47,54.9,72.7,83.71
113,Rice and Dal,Lunch,Veg,284,57.52,8.55,2.19,2.06,120.13,117.04,5.57,1.57,15.89,89.12,45.35,48.46,64.76,49.61,23.62,11.2,58.5
114,Vegetable Biryani,Lunch,Veg,243,21.44,4.03,15.68,13.56,136.71,11.31,0.78,3.93,80.76,74.65,42.37,30.71,70.62,88.93,27.5,47.44,63.81
115,Vegetable Upma,Breakfast,Veg,415,69.71,4.99,12.91,6.82,272.7,47.79,2.03,3.95,6.36,69.99,54.36,30.65,6.61,0.32,19.84,41.66,60.82
116,Paneer Curry,Dinner,Veg,288,46.77,21.54,1.64,2.17,32.97,41.25,6.83,2.29,42.3,3.93,32.74,27.53,39.6,53.84,16.27,21.01,54.54
117,Vegetable Biryani,Lunch,Veg,383,50.47,2.76,18.9,2.86,239.24,33.44,1.85,0.37,15.05,34.75,85.68,6.78,86.23,43.68,25.88,78.44,19.66
118,Curd Rice,Lunch,Veg,364,37.09,2.54,22.83,5.84,195.8,18.87,3.66,4.65,4.98,17.91,82.89,68.99,45.46,44.31,27.59,57.69,29.89
119,Oats Porridge,Breakfast,Veg,95,0.0,27.75,4.01,7.82,98.84,49.07,4.53,1.23,52.11,40.49,47.09,51.12,45.68,79.73,77.64,4.16,4.47
120,Vegetable Biryani,Lunch,Veg,122,0.0,21.19,21.89,8.47,179.72,77.63,6.54,2.34,34.14,79.99,6.31,3.64,33.09,50.67,32.34,64.02,57.74
121,Curd Rice,Lunch,Veg,449,32.33,25.47,24.2,7.55,201.79,52.65,2.21,1.53,44.99,34.3,57.62,40.0,17.99,44.53,45.02,25.82,41.57
122,Vegetable Upma,Breakfast,Veg,283,13.33,21.76,15.85,5.46,322.53,87.88,2.32,0.66,60.96,82.21,2.9,22.68,34.42,54.91,83.84,73.93,52.01
123,Rice and Dal,Lunch,Veg,416,38.59,11.14,24.12,11.64,239.12,35.53,1.45,2.01,38.6,65.65,15.35,86.5,51.6,66.69,2.78,40.36,60.46
124,Chapati with Curry,Lunch,Veg,307,18.33,23.93,15.33,13.24,338.88,72.09,7.78,1.93,9.89,31.14,57.79,77.03,14.67,50.37,8.21,48.04,8.44
125,Vegetable Khichdi,Dinner,Veg,85,0.0,6.78,14.23,14.73,148.91,10.69,5.45,3.51,19.48,80.39,82.48,38.14,88.65,34.77,62.59,20.69,23.77
126,Rice and Dal,Lunch,Veg,447,91.23,5.62,6.62,14.63,60.43,99.37,0.83,4.32,59.18,68.75,82.29,10.98,79.42,89.35,32.66,6.24,81.59
127,Fruit Salad,Breakfast,Veg,272,0.0,19.98,23.64,4.25,83.19,100.32,2.7,3.0,70.97,49.33,2.05,72.01,76.29,15.29,87.72,19.81,62.79
128,Chapati with Curry,Lunch,Veg,202,0.24,5.42,19.93,8.82,151.41,63.4,5.75,4.78,30.87,9.94,64.21,64.9,79.8,87.33,35.15,40.4,54.32
129,Chapati with Curry,Lunch,Veg,380,61.78,18.19,6.68,3.35,210.16,99.97,1.71,3.47,9.38,46.06,46.19,28.37,58.91,25.66,50.1,51.44,50.35
130,Idli,Breakfast,Veg,185,0.87,7.51,16.83,9.1,347.58,108.98,4.93,4.37,53.38,62.34,6.32,31.31,8.08,37.84,35.28,85.85,83.35
131,Grilled Chicken,Lunch,Non-Veg,162,0.0,17.05,18.6,9.0,259.51,64.37,6.28,4.53,9.51,63.84,68.24,77.36,2.98,28.9,82.64,58.38,85.98
132,Egg Omelette,Dinner,Non-Veg,94,0.0,34.36,5.88,9.48,173.0,29.05,6.06,3.43,54.53,60.57,69.64,57.45,79.94,65.66,50.54,14.81,75.93
133,Vegetable Khichdi,Dinner,Veg,109,0.0,12.8,15.66,6.52,331.77,72.77,3.43,0.58,52.16,80.0,38.35,29.28,34.35,52.25,52.19,1.77,45.66
134,Oats Porridge,Breakfast,Veg,350,45.22,6.87,15.74,9.79,176.28,28.55,2.97,3.37,61.04,32.0,41.79,67.93,3.65,31.01,70.57,83.65,28.68
135,Chapati with Curry,Lunch,Veg,161,0.0,11.46,23.4,13.61,112.58,49.28,6.32,2.89,68.54,86.71,1.58,50.51,12.44,64.52,34.27,9.11,13.16
136,Egg Omelette,Dinner,Non-Veg,106,0.0,28.63,18.31,11.5,333.46,50.85,4.28,4.25,60.3,57.79,4.87,67.78,3.6,22.72,75.5,46.1,59.74
137,Egg Omelette,Dinner,Non-Veg,94,0.0,11.36,15.67,13.73,116.38,36.54,4.34,2.02,17.71,44.12,65.36,22.76,16.08,30.4,82.73,35.7,54.1
138,Fish Curry,Dinner,Non-Veg,212,13.31,3.13,16.25,13.12,203.18,20.64,2.69,4.93,79.08,64.1,72.37,27.04,55.21,60.49,53.83,60.51,15.12
139,Egg Omelette,Dinner,Non-Veg,285,33.42,10.74,12.04,2.47,194.06,89.43,4.74,2.07,70.92,41.2,77.52,1.24,21.44,15.4,29.74,84.65,8.62
140,Fruit Salad,Breakfast,Veg,123,0.0,25.5,7.49,14.67,70.77,42.35,3.8,0.98,53.42,89.69,42.45,25.92,10.56,66.83,66.71,34.77,65.79
141,Vegetable Soup,Dinner,Veg,193,9.42,19.75,8.48,1.18,259.79,86.46,3.97,3.15,36.94,8.62,67.09,80.17,79.36,79.87,47.74,31.4,1.94
142,Idli,Breakfast,Veg,82,0.0,9.98,8.0,11.78,130.19,83.59,2.82,1.86,78.9,36.29,2.9,26.53,15.76,41.14,7.65,69.52,41.12
143,Chapati with Curry,Lunch,Veg,131,0.0,33.9,6.09,11.09,274.64,14.85,1.6,2.47,73.05,89.91,46.0,80.07,39.81,63.51,85.07,70.09,66.97
144,Oats Porridge,Breakfast,Veg,97,4.18,16.88,1.42,8.83,123.16,77.27,1.56,0.36,65.55,44.36,10.11,59.25,23.07,87.55,57.99,30.98,34.31
145,Vegetable Soup,Dinner,Veg,83,0.0,2.98,23.88,4.26,136.86,27.46,0.88,3.07,24.11,51.5,72.73,8.82,78.31,32.82,0.13,6.75,48.39
146,Vegetable Soup,Dinner,Veg,219,12.85,23.09,8.36,10.26,100.0,30.79,5.44,1.43,43.66,73.54,29.73,18.52,76.5,16.85,59.54,79.08,49.15
147,Vegetable Soup,Dinner,Veg,199,0.0,3.59,21.94,8.94,139.96,39.57,1.54,0.51,59.14,0.87,63.34,11.61,55.95,45.9,23.4,81.42,11.56
148,Fruit Salad,Breakfast,Veg,380,41.18,29.9,10.63,13.1,302.45,78.69,5.12,1.49,15.43,87.48,28.88,1.73,16.89,79.3,53.51,84.04,26.11
149,Paneer Curry,Dinner,Veg,419,62.01,29.6,5.84,4.32,107.72,97.52,3.24,1.98,75.08,48.04,64.95,24.83,85.92,24.55,43.11,34.58,83.09
150,Idli,Breakfast,Veg,116,0.0,30.39,16.13,4.19,162.47,19.34,6.52,2.09,81.58,69.76,24.38,7.23,11.7,55.83,38.46,77.55,17.94
151,Vegetable Soup,Dinner,Veg,439,46.14,32.24,13.94,5.92,52.05,100.29,7.06,2.25,40.24,36.61,10.23,21.06,37.43,11.11,12.73,71.11,63.44
152,Oats Porridge,Breakfast,Veg,410,70.45,11.6,9.09,11.06,258.38,90.55,3.72,3.78,79.03,40.03,18.23,57.37,26.67,51.8,73.63,81.15,61.23
153,Vegetable Biryani,Lunch,Veg,409,17.68,34.51,22.25,14.06,47.02,11.36,6.37,4.46,34.99,26.52,50.83,82.04,67.81,35.83,65.82,28.17,66.62
154,Fish Curry,Dinner,Non-Veg,328,32.27,17.94,14.13,12.22,293.98,102.14,0.52,0.39,4.39,66.72,12.42,77.94,66.68,65.39,75.55,58.1,50.39
155,Idli,Breakfast,Veg,341,37.75,31.23,7.23,8.0,64.04,109.33,2.97,1.7,21.23,89.72,55.04,11.58,53.06,4.08,57.05,63.09,87.87
156,Paneer Curry,Dinner,Veg,265,21.42,10.74,15.15,7.38,113.69,69.9,6.93,4.16,60.32,68.96,42.9,22.37,49.58,14.38,51.09,49.91,63.56
157,Dosa,Breakfast,Veg,296,44.34,25.48,1.86,5.36,65.21,99.71,3.14,1.91,34.29,88.58,21.15,77.82,56.4,73.55,43.96,77.92,53.92
158,Dosa,Breakfast,Veg,130,17.41,8.61,2.88,2.86,139.88,45.45,0.84,3.73,3.31,26.46,66.07,38.63,22.83,18.47,66.9,34.6,15.95
159,Oats Porridge,Breakfast,Veg,231,7.38,4.72,20.29,14.47,63.54,117.84,4.32,1.25,64.34,42.97,81.92,89.54,8.26,54.43,22.3,76.97,23.82
160,Vegetable Soup,Dinner,Veg,156,18.01,12.24,3.89,8.96,52.84,67.17,5.38,2.75,88.6,14.33,53.36,26.0,48.96,50.8,50.92,68.05,29.98
161,Egg Omelette,Dinner,Non-Veg,233,1.8,16.27,17.86,2.92,198.94,22.06,5.76,4.47,35.73,51.86,31.41,30.72,31.91,41.7,2.51,11.44,50.94
162,Vegetable Upma,Breakfast,Veg,156,0.0,3.59,19.85,11.85,138.93,109.28,4.47,0.93,64.36,67.67,1.24,46.24,83.71,32.61,36.48,1.41,45.58
163,Vegetable Upma,Breakfast,Veg,104,0.0,11.33,17.04,2.07,40.26,104.6,1.22,2.85,27.98,39.84,15.81,44.78,82.18,3.1,12.39,1.88,54.36
164,Fish Curry,Dinner,Non-Veg,140,0.0,16.3,13.44,5.26,211.49,30.73,1.9,2.02,8.91,87.98,19.39,35.22,72.67,86.56,35.09,84.52,15.29
165,Rice and Dal,Lunch,Veg,276,11.09,8.7,21.87,2.79,112.71,62.24,6.33,4.9,16.1,70.44,55.65,0.81,38.11,61.42,1.86,2.63,66.35
166,Vegetable Soup,Dinner,Veg,315,39.93,28.74,4.48,4.55,233.4,36.61,2.96,2.91,0.84,21.93,76.48,68.4,28.29,66.19,51.52,64.06,0.66
167,Egg Omelette,Dinner,Non-Veg,351,69.42,11.89,2.86,2.64,306.66,46.66,5.35,2.62,51.48,38.19,85.98,24.94,22.08,5.13,77.46,3.64,2.56
168,Paneer Curry,Dinner,Veg,187,10.13,14.28,9.93,12.52,209.8,110.26,5.98,2.78,40.91,59.43,88.8,0.16,14.66,23.19,42.78,16.35,81.81
169,Paneer Curry,Dinner,Veg,334,56.4,7.28,8.81,14.3,190.14,94.01,2.42,2.29,18.51,42.92,52.27,45.5,85.47,23.63,87.92,51.89,52.12
170,Vegetable Khichdi,Dinner,Veg,121,0.0,10.85,17.56,7.39,27.9,119.43,6.33,1.47,73.02,36.83,77.78,84.36,32.22,65.2,21.19,4.02,20.43
171,Fruit Salad,Breakfast,Veg,323,51.38,2.96,11.74,14.85,106.4,29.17,4.91,1.26,8.59,68.05,42.5,81.29,78.71,44.19,52.22,82.92,15.37
172,Oats Porridge,Breakfast,Veg,118,0.0,23.21,4.86,14.52,95.14,49.76,6.03,1.22,25.94,52.94,25.11,19.28,29.79,53.15,34.06,42.65,43.56
173,Dosa,Breakfast,Veg,196,0.0,28.08,15.43,10.48,211.93,72.95,0.77,3.09,3.4,29.79,74.32,63.77,55.54,20.84,2.1,85.03,38.31
174,Vegetable Soup,Dinner,Veg,228,0.0,33.62,24.71,1.98,105.91,19.23,6.65,4.69,35.58,85.85,50.33,13.67,61.17,32.63,81.84,79.67,81.1
175,Vegetable Upma,Breakfast,Veg,112,0.0,17.4,18.55,7.45,128.73,119.43,7.3,1.26,48.91,40.26,86.18,13.64,0.66,33.16,81.46,54.02,60.24
176,Vegetable Khichdi,Dinner,Veg,261,13.5,22.95,12.8,13.06,263.95,19.81,4.95,1.65,50.82,6.36,48.34,46.53,10.3,70.31,76.82,82.01,39.4
177,Fruit Salad,Breakfast,Veg,334,29.65,22.8,13.8,5.63,220.94,86.96,3.28,3.1,12.88,0.83,61.52,30.1,84.93,33.32,39.84,16.43,50.88
178,Oats Porridge,Breakfast,Veg,362,53.42,25.29,5.24,1.48,55.04,101.57,0.7,4.1,89.65,78.07,84.0,40.01,32.12,31.99,89.46,22.86,54.7
179,Oats Porridge,Breakfast,Veg,84,0.0,7.6,11.02,4.98,244.8,104.42,0.92,0.33,78.39,17.57,42.42,39.57,87.28,82.92,41.42,16.83,85.0
180,Curd Rice,Lunch,Veg,391,45.06,25.01,12.3,10.06,268.98,102.91,0.62,0.41,49.04,75.59,18.46,16.62,10.06,50.8,72.87,6.54,71.2
181,Fish Curry,Dinner,Non-Veg,139,0.0,10.78,17.56,13.28,243.46,19.65,7.68,1.34,63.31,72.61,39.87,67.94,83.55,14.85,44.52,52.75,70.31
182,Vegetable Upma,Breakfast,Veg,431,82.06,3.84,9.71,10.57,144.76,76.19,4.51,2.78,14.1,77.35,32.52,50.79,48.02,55.79,87.7,24.85,4.23
183,Dosa,Breakfast,Veg,330,12.77,27.45,18.79,7.58,347.83,37.94,4.34,4.46,84.87,46.84,77.58,1.77,11.7,32.39,84.17,63.66,45.22
184,Curd Rice,Lunch,Veg,343,8.94,27.78,21.79,5.06,175.57,83.79,1.48,3.14,73.97,25.85,71.95,79.53,89.54,53.02,59.24,36.42,5.8
185,Oats Porridge,Breakfast,Veg,415,61.17,11.37,13.87,6.99,285.49,113.22,1.31,0.3,66.12,30.63,1.46,2.61,7.08,48.27,26.01,66.45,17.81
186,Paneer Curry,Dinner,Veg,381,21.6,28.4,20.11,13.38,167.27,88.92,1.85,2.52,34.2,19.44,8.35,28.39,50.45,74.29,58.77,37.44,19.58
187,Vegetable Upma,Breakfast,Veg,380,21.95,20.6,23.31,3.34,174.59,113.5,5.4,4.5,15.27,39.76,72.76,75.71,66.47,74.52,71.03,86.64,37.55
188,Grilled Chicken,Lunch,Non-Veg,242,34.41,21.91,1.86,4.4,261.58,90.89,1.59,3.18,84.8,61.23,53.61,16.22,82.11,77.64,45.07,70.62,53.75
189,Grilled Chicken,Lunch,Non-Veg,221,9.8,17.14,12.58,14.98,117.34,13.76,3.26,2.53,3.04,17.03,36.1,85.64,74.4,80.15,51.62,53.03,42.54
190,Rice and Dal,Lunch,Veg,443,68.91,7.82,15.12,10.0,101.2,81.58,5.76,1.13,45.02,24.7,40.98,53.08,61.62,47.96,1.64,61.17,61.39
191,Vegetable Upma,Breakfast,Veg,324,20.4,31.62,12.88,10.78,168.29,83.64,5.06,3.9,85.52,59.87,25.98,45.7,0.87,60.44,52.92,77.0,61.86
192,Chapati with Curry,Lunch,Veg,374,63.49,23.28,2.99,7.54,239.32,119.31,2.95,2.24,88.43,7.92,26.67,53.16,16.24,15.24,19.66,41.85,10.4
193,Paneer Curry,Dinner,Veg,324,42.08,19.88,8.46,6.45,305.74,39.55,6.21,4.57,46.38,65.65,32.16,26.76,65.08,14.09,76.39,32.51,12.0
194,Dosa,Breakfast,Veg,403,49.71,7.14,19.51,8.79,267.51,85.27,0.52,0.34,50.66,8.47,81.79,52.65,3.85,36.58,40.35,9.8,46.4
195,Vegetable Biryani,Lunch,Veg,207,3.28,17.4,13.81,5.9,222.96,47.7,0.56,3.93,24.51,18.13,76.4,71.01,4.33,1.1,49.82,57.07,80.26
196,Vegetable Biryani,Lunch,Veg,151,0.0,9.92,24.43,9.45,67.75,29.69,5.38,0.48,82.3,60.24,69.78,29.03,36.35,72.41,81.77,31.01,70.43
197,Egg Omelette,Dinner,Non-Veg,129,0.0,28.77,9.66,1.34,306.94,30.81,3.24,1.95,14.84,22.29,15.99,8.5,49.32,68.75,68.99,0.62,77.99
198,Oats Porridge,Breakfast,Veg,312,50.34,4.15,10.45,8.99,288.52,111.32,1.53,0.62,83.76,36.92,38.88,3.0,15.03,0.17,79.74,11.29,80.35
199,Fruit Salad,Breakfast,Veg,421,53.84,30.49,9.3,3.59,180.5,106.79,7.54,0.31,88.98,45.79,17.25,73.01,79.26,74.85,62.75,43.89,50.14
200,Vegetable Soup,Dinner,Veg,365,50.28,8.93,14.24,4.3,348.41,35.47,6.42,2.53,88.14,43.23,33.1,87.05,65.2,58.75,9.26,4.48,64.21
201,Vegetable Soup,Dinner,Veg,252,18.95,28.59,6.87,9.52,179.01,45.35,4.16,3.49,37.62,85.74,47.45,21.04,11.82,45.58,44.93,16.7,46.22
202,Grilled Chicken,Lunch,Non-Veg,332,41.3,32.72,3.99,7.17,234.4,42.88,4.1,0.94,39.39,66.86,21.18,32.55,20.61,48.52,42.56,68.75,51.88
203,Grilled Chicken,Lunch,Non-Veg,303,26.64,13.61,15.78,7.08,139.47,106.22,4.16,3.02,69.03,5.64,70.61,69.44,48.24,32.1,35.51,43.89,55.35
204,Chapati with Curry,Lunch,Veg,310,53.05,4.99,8.65,9.13,55.1,33.7,3.76,2.41,50.94,60.71,70.65,32.24,23.79,19.26,34.92,31.26,76.73
205,Chapati with Curry,Lunch,Veg,123,0.0,23.69,20.33,5.27,291.22,50.73,1.23,4.38,14.32,21.72,18.61,68.12,28.09,47.75,72.31,39.63,31.48
206,Oats Porridge,Breakfast,Veg,372,41.25,10.46,18.35,4.88,227.27,12.7,3.03,3.71,70.39,61.97,12.55,41.55,14.91,47.45,37.09,52.66,71.94
207,Chapati with Curry,Lunch,Veg,358,61.91,2.98,10.94,13.62,89.19,71.71,7.39,1.73,77.11,10.67,73.58,11.12,1.86,25.93,79.01,85.34,85.69
208,Dosa,Breakfast,Veg,228,42.23,4.64,4.5,13.72,194.07,38.13,6.07,4.26,74.04,54.79,16.81,23.84,35.73,67.3,15.23,85.49,63.55
209,Oats Porridge,Breakfast,Veg,301,10.11,25.18,17.76,2.86,176.3,102.34,4.46,4.36,5.96,69.82,18.75,40.2,23.48,22.13,3.98,26.45,1.56
210,Vegetable Khichdi,Dinner,Veg,289,18.25,34.92,8.48,5.97,260.63,98.87,1.76,1.23,87.77,26.55,85.52,11.57,40.54,65.44,3.39,80.6,50.21
211,Vegetable Khichdi,Dinner,Veg,365,38.74,33.7,8.36,6.47,173.7,84.75,4.28,1.15,12.7,48.28,75.69,25.55,52.79,10.03,69.7,5.47,43.74
212,Curd Rice,Lunch,Veg,381,25.19,25.06,20.0,1.78,166.17,80.6,6.42,0.51,15.69,33.32,28.34,65.07,6.2,43.32,20.58,27.88,40.51
213,Vegetable Biryani,Lunch,Veg,394,67.58,6.15,11.01,13.52,347.93,100.06,5.92,2.67,89.55,72.44,4.57,2.04,78.94,61.7,4.13,35.4,13.09
214,Chapati with Curry,Lunch,Veg,100,0.0,28.25,19.14,10.91,197.29,112.5,2.82,4.38,27.26,80.71,52.13,39.73,6.95,47.67,35.72,6.17,59.92
215,Grilled Chicken,Lunch,Non-Veg,103,0.0,17.56,10.27,14.97,251.53,21.7,3.95,4.71,40.3,46.07,70.51,83.95,47.13,38.98,47.77,59.38,88.08
216,Fruit Salad,Breakfast,Veg,324,36.32,8.75,15.97,11.85,97.94,30.97,5.38,3.64,63.8,51.06,83.68,68.29,37.43,51.68,59.88,66.11,11.19
217,Paneer Curry,Dinner,Veg,442,49.61,20.84,17.8,12.62,164.75,75.25,2.11,1.53,80.43,25.65,42.49,88.31,63.73,31.02,30.04,88.53,22.38
218,Vegetable Khichdi,Dinner,Veg,149,0.0,31.35,19.5,9.83,307.19,73.88,2.14,1.35,33.67,21.33,2.12,88.43,29.98,53.25,77.82,88.99,68.71
219,Vegetable Biryani,Lunch,Veg,285,23.23,6.87,18.29,6.08,85.89,67.69,6.45,4.03,13.98,88.91,65.03,35.25,89.84,27.47,17.68,78.19,51.94
220,Vegetable Soup,Dinner,Veg,435,30.48,23.01,24.56,3.63,272.96,41.3,6.8,4.52,61.94,72.68,55.01,33.31,62.99,29.28,84.51,39.6,10.26
221,Grilled Chicken,Lunch,Non-Veg,205,8.05,29.86,5.93,12.39,100.18,81.04,6.42,2.7,82.02,46.88,63.18,5.02,80.59,83.66,41.94,37.17,1.08
222,Dosa,Breakfast,Veg,173,0.0,24.14,9.95,2.44,235.15,79.16,6.63,2.88,58.8,5.38,39.47,48.66,41.11,24.87,43.63,50.7,17.95
223,Vegetable Khichdi,Dinner,Veg,323,50.78,13.72,7.22,5.85,311.83,56.59,5.53,2.6,61.75,14.97,21.14,43.04,0.82,82.31,52.16,25.29,39.8
224,Egg Omelette,Dinner,Non-Veg,251,12.63,4.65,20.21,4.42,193.16,16.78,1.31,3.7,25.34,57.28,77.84,33.4,46.45,24.2,84.84,68.05,1.75
225,Egg Omelette,Dinner,Non-Veg,384,13.65,29.32,23.57,4.98,310.98,89.44,6.3,4.19,77.99,28.1,48.45,55.94,41.01,66.46,65.2,37.92,44.85
226,Fish Curry,Dinner,Non-Veg,126,0.0,22.74,8.63,2.22,289.7,19.34,3.71,1.69,54.57,30.45,88.7,57.39,65.02,26.92,33.94,46.98,38.9
227,Rice and Dal,Lunch,Veg,93,0.0,4.11,20.55,8.83,205.37,52.25,2.04,0.58,65.32,65.18,23.83,7.24,41.06,25.64,41.85,39.64,56.25
228,Idli,Breakfast,Veg,422,66.93,5.32,14.78,10.51,158.01,88.22,5.87,4.18,20.85,14.42,52.83,53.48,49.82,39.46,20.87,67.33,40.59
229,Grilled Chicken,Lunch,Non-Veg,177,0.0,18.86,20.24,2.6,332.14,53.64,5.9,0.61,62.49,28.25,3.58,63.58,28.56,57.65,27.79,11.94,13.31
230,Idli,Breakfast,Veg,100,2.62,2.63,8.78,4.12,133.18,75.07,6.26,3.47,79.53,36.98,60.8,40.94,39.53,63.84,71.6,78.16,9.3
231,Idli,Breakfast,Veg,291,19.14,28.77,11.04,6.63,280.26,14.41,2.73,0.97,59.86,58.22,61.41,3.54,55.13,19.53,35.48,58.35,81.6
232,Fish Curry,Dinner,Non-Veg,149,0.0,4.74,15.8,12.75,320.11,38.36,1.66,2.84,43.49,26.78,70.48,48.77,8.05,57.13,88.92,71.74,68.31
233,Fruit Salad,Breakfast,Veg,198,32.55,8.63,3.7,3.33,265.64,70.26,3.27,1.31,7.34,45.96,50.97,4.52,63.01,80.23,25.25,12.81,31.36
234,Chapati with Curry,Lunch,Veg,446,65.99,32.03,5.99,3.13,81.17,27.39,2.34,1.3,6.22,39.81,28.83,32.21,2.17,44.26,32.13,79.07,33.61
235,Idli,Breakfast,Veg,431,56.78,27.03,10.64,12.58,292.81,117.23,1.41,1.75,79.07,69.05,0.23,19.4,2.53,46.88,2.79,82.21,6.37
236,Fish Curry,Dinner,Non-Veg,108,0.0,33.82,21.01,4.37,264.72,73.26,4.4,0.37,51.44,28.22,47.16,4.81,1.04,83.33,68.05,29.96,44.45
237,Chapati with Curry,Lunch,Veg,159,0.0,23.0,11.72,7.11,260.09,75.7,5.39,1.14,14.66,57.71,87.21,59.72,18.97,40.07,44.28,40.04,85.89
238,Chapati with Curry,Lunch,Veg,118,8.14,12.49,3.94,7.78,66.31,91.46,1.23,2.77,38.1,85.57,7.45,82.86,49.5,57.97,4.31,50.43,14.4
239,Vegetable Biryani,Lunch,Veg,185,0.0,29.44,18.61,14.59,209.42,31.06,5.51,4.12,62.37,28.39,44.84,1.97,45.67,84.83,0.76,37.44,40.01
240,Fruit Salad,Breakfast,Veg,362,47.76,2.65,17.82,6.13,339.36,85.05,7.22,1.84,78.87,34.33,29.93,3.51,71.18,58.83,81.56,37.15,23.76
241,Grilled Chicken,Lunch,Non-Veg,219,25.05,7.79,9.74,11.83,264.04,26.48,6.16,3.12,1.34,42.46,23.47,70.61,10.62,43.5,6.33,70.99,33.51
242,Rice and Dal,Lunch,Veg,146,0.0,33.04,10.37,4.78,93.33,114.78,6.81,2.52,20.04,32.5,89.66,82.68,7.47,28.98,84.08,17.61,35.18
243,Vegetable Soup,Dinner,Veg,282,18.05,6.03,20.63,4.69,213.03,98.66,0.99,4.69,48.75,34.94,27.45,89.25,10.61,69.55,79.11,83.66,14.43
244,Fish Curry,Dinner,Non-Veg,420,58.26,13.33,14.85,4.02,325.86,65.25,5.03,3.29,10.66,54.19,13.6,47.06,58.11,84.14,22.08,50.79,3.43
245,Oats Porridge,Breakfast,Veg,430,94.03,3.71,4.34,5.65,76.65,18.97,3.52,3.66,5.34,38.29,31.75,74.84,11.04,56.2,26.56,86.78,7.37
246,Vegetable Khichdi,Dinner,Veg,344,29.97,26.98,12.91,10.84,39.66,88.24,2.46,3.23,65.83,55.19,19.0,46.28,2.34,6.21,70.87,6.59,82.07
247,Egg Omelette,Dinner,Non-Veg,151,22.67,10.31,2.12,4.26,321.08,117.05,7.64,3.37,13.31,5.23,75.55,82.29,54.84,75.42,89.95,49.33,59.16
248,Grilled Chicken,Lunch,Non-Veg,354,41.67,11.77,15.58,4.64,295.93,94.35,4.32,0.39,85.85,24.71,45.72,78.04,63.59,81.71,61.39,15.96,52.55
249,Grilled Chicken,Lunch,Non-Veg,155,0.0,21.34,12.19,12.37,77.6,78.17,5.35,4.51,38.65,15.45,44.94,67.25,71.79,77.01,34.81,12.14,81.37
250,Chapati with Curry,Lunch,Veg,113,0.0,23.84,24.42,9.66,100.79,12.04,2.54,4.75,10.48,60.89,63.24,61.39,18.36,27.24,59.36,83.21,1.2
251,Fish Curry,Dinner,Non-Veg,282,28.86,27.65,6.22,13.77,306.44,50.06,3.91,4.79,33.36,34.21,65.06,54.99,7.89,35.27,81.6,35.89,32.03
252,Idli,Breakfast,Veg,148,0.0,10.55,23.17,8.08,195.0,44.76,6.65,2.36,65.86,15.0,23.72,2.89,73.08,46.52,84.58,18.69,16.78
253,Dosa,Breakfast,Veg,108,18.46,3.16,2.39,8.42,108.04,35.16,3.55,4.45,82.36,38.85,8.15,80.08,60.55,64.42,6.89,34.66,57.51
254,Fish Curry,Dinner,Non-Veg,245,0.0,34.99,12.99,13.01,71.87,57.62,3.97,4.9,0.83,81.17,7.29,19.27,69.34,74.27,79.45,85.17,80.14
255,Grilled Chicken,Lunch,Non-Veg,398,62.61,26.81,4.48,8.15,24.17,115.42,7.43,0.33,52.1,31.24,17.81,18.3,55.92,27.35,39.5,72.22,41.44
256,Chapati with Curry,Lunch,Veg,121,0.0,29.49,17.78,4.66,305.88,109.43,1.18,4.48,21.58,85.86,31.6,55.04,49.91,19.12,17.79,62.59,18.73
257,Egg Omelette,Dinner,Non-Veg,282,0.0,32.26,17.87,13.4,258.56,25.23,5.93,3.53,68.22,76.47,38.37,17.11,41.08,35.13,71.37,23.22,33.56
258,Vegetable Upma,Breakfast,Veg,375,43.08,27.9,10.12,2.66,310.6,15.91,3.73,4.73,53.82,3.1,2.07,23.71,70.34,42.89,46.89,19.03,13.83
259,Vegetable Soup,Dinner,Veg,107,0.0,12.3,15.46,3.73,277.87,106.57,6.89,2.71,81.6,17.73,73.82,37.41,73.89,67.65,8.77,85.56,62.95
260,Rice and Dal,Lunch,Veg,416,50.35,12.05,18.49,13.77,347.74,52.22,4.71,4.17,39.53,29.77,5.57,14.86,52.36,49.83,51.14,60.12,77.7
261,Vegetable Biryani,Lunch,Veg,226,28.46,22.01,2.68,3.71,85.15,113.68,1.75,1.67,66.54,16.23,84.65,49.79,51.41,55.68,83.93,22.6,2.18
262,Vegetable Biryani,Lunch,Veg,190,0.0,20.92,18.61,2.43,140.45,35.13,6.47,4.37,32.99,28.88,83.0,65.71,66.83,39.44,4.12,61.0,80.52
263,Oats Porridge,Breakfast,Veg,432,26.79,27.12,24.04,3.47,66.14,91.17,7.98,0.92,80.85,4.08,50.2,50.3,61.32,33.77,46.24,79.35,37.25
264,Vegetable Soup,Dinner,Veg,246,28.64,28.0,2.16,14.79,297.21,89.37,1.18,4.48,67.42,30.51,53.3,73.89,43.4,62.68,49.74,5.63,68.4
265,Rice and Dal,Lunch,Veg,347,60.04,8.37,8.15,3.12,331.08,83.78,0.52,4.34,81.39,36.09,85.8,12.24,21.01,27.13,65.52,88.45,76.58
266,Oats Porridge,Breakfast,Veg,404,35.67,15.27,22.25,12.62,281.07,101.3,5.84,3.22,65.84,5.86,10.83,80.69,49.62,52.9,14.05,75.55,69.1
267,Curd Rice,Lunch,Veg,414,54.42,29.35,8.77,14.09,155.97,95.74,6.8,4.1,71.03,7.59,3.63,70.61,74.04,14.2,65.0,64.55,53.35
268,Chapati with Curry,Lunch,Veg,419,78.41,17.56,3.9,1.88,343.97,62.46,3.45,4.4,27.65,83.21,28.18,57.47,61.94,42.63,20.85,38.98,70.4
269,Fish Curry,Dinner,Non-Veg,173,0.0,28.95,7.71,7.52,198.03,69.25,3.84,0.5,48.72,62.84,32.28,18.02,35.92,46.44,76.77,46.67,18.59
270,Curd Rice,Lunch,Veg,285,31.88,23.82,6.91,5.7,281.5,78.98,7.7,1.94,16.33,17.06,73.18,11.43,31.31,59.29,42.7,66.74,34.02
271,Paneer Curry,Dinner,Veg,275,36.92,12.84,8.44,8.98,167.26,81.68,3.14,0.44,47.0,20.77,65.09,74.2,21.14,53.16,65.07,75.52,58.61
272,Vegetable Biryani,Lunch,Veg,434,60.88,5.73,18.62,8.04,273.17,38.97,1.07,1.44,29.38,66.41,79.22,15.04,80.4,52.44,22.36,88.15,38.19
273,Vegetable Biryani,Lunch,Veg,285,0.0,22.78,23.16,10.33,303.48,94.3,6.42,0.71,25.39,8.23,16.9,36.84,87.89,14.67,22.06,59.32,86.83
274,Oats Porridge,Breakfast,Veg,332,67.68,2.79,5.57,4.68,282.7,106.53,4.98,1.48,25.31,83.19,23.84,44.7,62.04,63.08,7.0,54.01,65.65
275,Curd Rice,Lunch,Veg,301,0.0,33.73,23.54,8.7,94.78,104.92,4.75,1.86,58.38,76.87,8.37,89.48,36.72,16.74,42.54,61.7,74.41
276,Chapati with Curry,Lunch,Veg,123,0.0,17.62,22.47,4.86,36.53,112.83,4.32,4.5,71.46,3.38,40.62,4.32,35.12,22.28,68.55,55.4,46.74
277,Paneer Curry,Dinner,Veg,304,19.83,31.94,10.77,4.07,50.78,84.26,2.46,1.42,50.21,43.29,30.96,65.43,72.35,86.01,1.38,72.07,5.27
278,Grilled Chicken,Lunch,Non-Veg,302,7.38,28.54,17.59,12.05,319.24,92.95,5.65,0.49,81.69,12.76,70.02,61.7,68.1,69.81,71.43,66.81,87.32
279,Vegetable Soup,Dinner,Veg,240,0.0,32.74,18.53,3.96,208.21,42.22,7.62,1.44,31.75,6.65,74.53,87.47,52.48,37.22,14.72,88.9,10.83
280,Curd Rice,Lunch,Veg,199,2.43,32.02,6.8,12.17,176.99,58.87,3.38,2.52,69.95,41.27,78.44,85.58,45.09,22.59,45.89,27.31,78.68
281,Grilled Chicken,Lunch,Non-Veg,443,94.81,10.09,2.6,13.16,106.41,119.59,3.67,0.75,73.52,28.46,74.15,30.1,51.89,83.38,64.9,2.1,66.91
282,Oats Porridge,Breakfast,Veg,266,22.53,21.43,10.02,5.2,237.67,87.04,5.13,3.69,47.57,51.87,30.36,29.56,30.83,83.25,28.62,35.68,66.16
283,Egg Omelette,Dinner,Non-Veg,126,0.0,11.87,17.46,6.05,261.71,89.71,1.77,0.84,35.3,88.99,70.62,12.07,71.5,39.07,56.71,22.28,39.85
284,Egg Omelette,Dinner,Non-Veg,297,39.68,22.44,5.39,12.09,295.25,42.32,7.88,4.02,45.67,38.79,15.14,30.16,44.96,83.85,45.02,34.8,66.86
285,Vegetable Khichdi,Dinner,Veg,272,27.91,4.79,15.69,3.92,131.1,104.8,3.78,3.34,20.45,9.8,87.74,44.9,83.85,16.12,17.47,25.13,8.89
286,Fish Curry,Dinner,Non-Veg,294,19.39,22.59,14.01,12.14,281.48,24.84,1.73,3.26,40.69,86.59,84.69,44.73,44.65,38.7,88.12,52.23,63.96
287,Vegetable Soup,Dinner,Veg,110,0.0,6.0,24.54,4.18,299.79,80.1,1.95,4.81,85.39,1.16,49.87,61.18,70.45,88.03,36.65,87.87,34.35
288,Paneer Curry,Dinner,Veg,383,76.7,10.14,3.96,9.85,20.72,104.29,4.56,3.59,84.62,79.68,18.4,41.32,86.95,63.16,3.16,6.89,81.44
289,Vegetable Soup,Dinner,Veg,122,0.0,15.25,7.08,5.43,119.72,98.45,6.07,1.3,37.5,39.33,71.07,12.25,65.21,31.23,62.66,51.6,4.17
290,Fruit Salad,Breakfast,Veg,268,0.0,27.45,24.02,13.53,169.77,64.66,2.23,2.93,78.26,51.56,14.15,65.25,61.07,63.09,11.94,6.72,35.75
291,Vegetable Biryani,Lunch,Veg,444,51.55,6.17,23.68,12.76,246.57,49.68,4.58,4.89,50.24,43.46,42.92,1.2,31.35,30.3,46.15,52.16,28.5
292,Idli,Breakfast,Veg,361,25.63,33.23,13.95,5.31,265.14,48.02,6.74,1.94,59.2,77.91,45.87,52.12,8.23,74.33,69.64,34.48,20.35
293,Paneer Curry,Dinner,Veg,150,4.92,9.56,10.23,3.08,160.78,106.15,1.48,1.99,52.04,68.05,88.39,6.84,65.9,64.69,32.92,18.0,30.31
294,Grilled Chicken,Lunch,Non-Veg,419,64.68,3.17,16.4,13.83,126.87,31.43,4.63,4.44,88.81,60.16,7.89,82.04,36.04,22.11,59.98,73.06,31.03
295,Rice and Dal,Lunch,Veg,169,0.0,16.89,15.02,7.16,63.83,60.2,1.72,3.98,34.03,79.43,74.98,13.08,3.78,48.02,58.69,69.52,65.33
296,Oats Porridge,Breakfast,Veg,192,19.97,16.65,5.06,9.8,133.09,13.57,2.59,0.96,48.49,42.24,80.78,49.28,50.56,3.88,74.8,43.29,50.69
297,Paneer Curry,Dinner,Veg,284,55.88,7.61,3.34,2.98,334.85,101.9,0.77,0.7,63.95,79.55,56.2,64.32,85.39,72.21,35.29,44.69,52.8
298,Vegetable Khichdi,Dinner,Veg,204,38.11,7.33,2.47,14.73,249.76,31.93,7.62,4.06,68.99,26.43,40.62,9.74,2.56,26.18,24.45,81.59,65.62
299,Vegetable Upma,Breakfast,Veg,419,62.5,12.19,13.36,13.74,89.2,62.88,5.18,4.24,18.72,24.29,83.45,35.73,48.08,10.59,39.38,82.03,37.08
300,Idli,Breakfast,Veg,202,18.53,15.59,7.28,5.02,218.71,32.15,2.71,0.74,21.67,56.42,53.32,67.05,57.7,56.35,2.86,6.02,20.33
301,Chapati with Curry,Lunch,Veg,429,49.14,32.59,11.34,3.53,142.89,89.82,0.96,3.79,14.27,1.6,41.2,61.2,28.92,54.38,55.29,3.81,56.76
302,Grilled Chicken,Lunch,Non-Veg,416,55.58,25.81,10.05,14.06,204.29,45.26,6.94,1.68,68.51,2.76,20.88,29.17,15.59,24.59,47.44,68.61,65.07
303,Rice and Dal,Lunch,Veg,161,0.0,19.34,15.46,1.26,237.73,97.34,0.88,4.74,56.65,21.57,1.44,70.92,21.13,50.65,37.84,14.41,32.1
304,Rice and Dal,Lunch,Veg,396,43.12,7.93,21.31,6.73,342.98,96.35,2.62,0.31,81.51,74.08,23.68,36.34,63.96,24.65,89.03,16.9,48.75
305,Idli,Breakfast,Veg,407,36.05,10.94,24.34,1.18,178.98,116.4,7.15,0.42,81.97,58.67,75.58,55.41,69.89,78.9,37.65,51.47,77.61
306,Vegetable Soup,Dinner,Veg,239,7.51,26.66,11.37,4.31,137.13,59.54,3.08,2.2,27.12,80.71,47.81,6.9,75.96,12.56,29.62,30.67,80.12
307,Chapati with Curry,Lunch,Veg,296,11.16,19.48,19.27,11.85,236.24,22.71,7.87,1.34,40.14,82.58,18.7,63.65,67.67,55.64,73.36,65.69,24.23
308,Fish Curry,Dinner,Non-Veg,333,33.01,25.87,10.83,7.69,212.38,101.23,0.6,2.21,67.04,3.38,61.32,22.23,65.72,41.19,79.05,27.71,69.32
309,Vegetable Khichdi,Dinner,Veg,130,0.0,8.53,23.74,2.34,162.23,29.64,3.17,3.08,79.86,27.88,6.06,61.63,78.98,13.4,54.34,17.62,8.91
310,Idli,Breakfast,Veg,168,0.0,3.27,20.01,14.0,203.28,12.06,3.45,3.12,78.86,33.48,10.15,50.13,69.3,70.81,28.3,83.61,5.59
311,Vegetable Khichdi,Dinner,Veg,292,0.0,32.95,24.43,14.11,144.36,83.14,6.68,1.43,28.88,22.58,2.26,44.49,9.51,84.17,45.06,35.94,19.97
312,Egg Omelette,Dinner,Non-Veg,250,27.4,23.81,5.02,8.87,177.03,106.89,6.07,3.41,11.04,65.86,67.34,74.29,0.48,4.84,22.51,47.63,48.26
313,Paneer Curry,Dinner,Veg,229,2.21,10.87,19.63,4.04,82.34,49.91,7.28,4.48,63.13,85.89,6.66,13.48,1.34,0.98,78.02,46.75,84.59
314,Grilled Chicken,Lunch,Non-Veg,108,0.0,34.26,23.55,6.26,131.07,28.35,7.34,1.56,59.08,59.0,84.46,48.55,43.31,72.96,66.72,58.18,19.74
315,Vegetable Khichdi,Dinner,Veg,303,48.67,4.74,9.93,3.86,312.28,115.23,3.19,2.55,44.89,27.38,58.4,75.28,3.19,32.35,86.59,3.32,84.01
316,Idli,Breakfast,Veg,434,40.01,15.82,23.41,3.25,120.42,57.43,3.99,3.52,47.94,42.14,89.47,50.67,64.36,69.76,9.31,41.66,51.52
317,Vegetable Khichdi,Dinner,Veg,340,31.36,17.95,15.86,5.13,49.17,63.99,6.53,3.0,38.82,15.1,1.58,9.73,3.9,1.85,78.11,47.88,21.86
318,Vegetable Soup,Dinner,Veg,328,54.11,9.08,8.36,9.56,322.28,27.75,5.98,3.91,87.99,24.55,69.58,41.01,52.53,63.81,54.19,22.33,51.08
319,Rice and Dal,Lunch,Veg,332,15.22,12.61,24.52,8.28,63.16,92.25,3.15,4.86,54.73,17.09,60.47,76.86,10.65,79.57,50.63,4.39,15.92
320,Vegetable Khichdi,Dinner,Veg,371,44.18,5.51,19.14,1.38,282.26,59.07,5.03,1.28,55.35,2.95,82.26,80.04,45.26,66.96,38.66,20.73,40.4
321,Vegetable Khichdi,Dinner,Veg,131,14.85,7.21,4.75,7.76,245.25,82.62,1.53,2.48,62.4,71.61,81.41,48.22,68.48,87.83,26.62,17.62,72.11
322,Vegetable Upma,Breakfast,Veg,365,63.99,3.03,10.77,5.69,197.65,38.82,5.05,1.19,4.11,38.79,37.61,26.11,59.77,35.12,31.85,2.18,72.49
323,Vegetable Khichdi,Dinner,Veg,337,20.17,26.73,16.6,5.64,70.4,20.9,4.57,0.85,40.84,54.03,59.76,29.06,27.37,29.93,30.37,77.26,25.4
324,Egg Omelette,Dinner,Non-Veg,320,36.76,27.51,6.99,2.48,331.07,55.66,5.95,4.63,28.82,73.45,52.58,36.7,49.69,38.93,30.85,19.88,81.51
325,Chapati with Curry,Lunch,Veg,243,0.0,33.15,16.12,8.5,105.32,48.09,2.23,0.52,42.45,36.06,32.66,30.21,84.67,41.18,65.84,77.64,40.03
326,Fruit Salad,Breakfast,Veg,316,24.52,6.44,21.35,7.85,242.88,98.54,1.52,4.33,7.65,57.54,11.52,0.59,31.69,87.06,59.15,75.42,8.77
327,Fish Curry,Dinner,Non-Veg,303,11.95,33.85,13.31,12.79,246.2,20.19,4.4,1.05,1.2,62.79,0.66,35.07,85.18,85.71,63.54,4.01,18.49
328,Chapati with Curry,Lunch,Veg,155,0.0,29.22,17.99,3.37,346.8,84.26,4.98,3.22,47.33,61.65,10.62,61.17,81.87,67.39,13.38,36.67,39.01
329,Curd Rice,Lunch,Veg,174,26.91,12.83,1.67,4.55,277.94,32.06,6.45,4.35,31.93,77.13,19.4,26.28,74.47,77.34,88.36,1.31,56.47
330,Vegetable Khichdi,Dinner,Veg,290,34.34,19.06,8.49,7.15,270.44,59.57,2.71,3.48,12.81,44.52,19.37,74.91,49.73,63.81,82.2,61.1,34.89
331,Curd Rice,Lunch,Veg,395,25.06,23.56,22.28,14.07,296.96,29.52,5.26,2.89,8.13,27.17,18.04,65.07,32.78,13.8,74.01,28.5,10.33
332,Vegetable Upma,Breakfast,Veg,184,0.0,14.8,17.93,12.28,147.91,43.42,7.02,4.49,12.95,55.14,19.69,80.82,67.55,76.87,57.47,9.67,16.16
333,Dosa,Breakfast,Veg,237,0.0,9.97,24.55,4.34,334.87,110.15,6.13,0.87,25.65,23.08,35.79,28.25,34.47,49.59,3.37,54.72,55.2
334,Vegetable Biryani,Lunch,Veg,373,51.98,11.64,13.17,12.34,71.43,42.78,2.29,2.5,15.82,65.34,21.94,67.19,56.39,62.64,43.88,87.44,26.73
335,Paneer Curry,Dinner,Veg,199,20.98,5.95,10.14,9.49,318.57,27.34,3.5,1.3,45.84,69.23,6.33,33.24,77.65,32.43,40.17,16.36,57.54
336,Vegetable Upma,Breakfast,Veg,444,76.3,20.77,6.19,13.67,231.99,95.38,1.42,2.22,67.57,44.41,66.15,23.14,47.66,56.05,39.78,36.42,71.66
337,Rice and Dal,Lunch,Veg,449,71.88,2.23,16.95,14.72,217.76,25.92,3.8,2.63,12.15,46.77,12.76,52.61,17.2,4.92,36.06,43.47,69.59
338,Dosa,Breakfast,Veg,443,56.76,23.12,13.72,13.77,241.96,82.34,0.54,0.48,50.45,10.98,87.21,6.22,66.37,80.68,55.23,48.06,23.45
339,Fruit Salad,Breakfast,Veg,100,4.59,9.03,5.06,5.79,341.37,116.25,3.5,4.86,78.45,35.53,13.91,7.99,64.33,1.96,31.56,36.39,14.42
340,Vegetable Biryani,Lunch,Veg,385,52.76,15.59,12.4,6.3,137.99,47.04,6.53,0.81,38.76,35.42,79.07,48.3,10.22,60.96,2.38,28.28,39.42
341,Chapati with Curry,Lunch,Veg,186,4.84,17.31,10.82,5.15,67.04,75.94,6.72,4.02,14.73,84.75,88.18,1.03,38.74,60.3,49.89,67.42,42.68
342,Egg Omelette,Dinner,Non-Veg,151,0.0,26.89,17.06,3.16,130.53,109.71,2.41,1.73,61.94,12.27,67.07,50.21,3.74,65.34,54.62,45.84,10.06
343,Vegetable Biryani,Lunch,Veg,89,0.0,31.71,5.95,9.54,252.68,67.23,1.02,2.73,74.73,89.86,81.9,8.09,34.02,28.8,63.56,30.38,42.77
344,Fruit Salad,Breakfast,Veg,179,0.0,4.18,19.19,12.36,125.46,70.14,0.83,1.05,63.02,73.96,18.35,38.91,2.41,51.01,1.39,60.53,84.0
345,Vegetable Upma,Breakfast,Veg,163,0.0,16.1,11.18,5.11,154.65,20.58,3.02,2.53,2.41,52.63,45.46,44.44,1.81,8.61,20.85,14.21,74.32
346,Fish Curry,Dinner,Non-Veg,380,36.28,14.93,19.46,14.91,274.2,63.75,3.13,0.54,58.15,37.29,84.31,6.54,19.02,59.65,29.09,4.79,48.65
347,Rice and Dal,Lunch,Veg,206,11.26,18.26,9.77,4.37,95.24,20.76,7.11,1.91,27.22,57.35,0.65,74.32,21.8,74.45,38.76,58.14,7.01
348,Vegetable Soup,Dinner,Veg,257,16.57,21.51,11.63,8.64,208.07,14.98,1.62,3.18,79.24,77.81,64.49,71.23,81.91,3.2,67.06,26.07,17.54
349,Curd Rice,Lunch,Veg,143,11.61,17.3,3.04,2.9,114.29,87.67,7.25,4.95,20.66,62.07,63.23,84.26,61.55,10.97,2.61,22.48,56.34
350,Fruit Salad,Breakfast,Veg,92,0.0,31.12,18.96,13.6,267.74,18.83,3.04,4.42,36.34,79.2,43.35,8.71,46.88,15.35,84.28,13.81,76.78
351,Idli,Breakfast,Veg,188,0.0,8.31,17.94,14.1,344.47,39.72,7.92,3.16,79.01,60.52,53.6,30.9,15.27,40.95,22.11,44.09,62.81
352,Fruit Salad,Breakfast,Veg,366,76.53,5.05,4.41,9.7,183.7,41.94,6.73,2.23,52.98,24.52,60.59,0.41,11.22,39.29,57.64,77.84,78.87
353,Idli,Breakfast,Veg,359,75.97,6.72,3.14,14.48,313.81,72.64,3.46,0.42,35.7,28.6,53.74,85.28,65.66,64.54,55.75,11.62,89.64
354,Vegetable Khichdi,Dinner,Veg,129,0.0,9.83,21.68,8.93,112.55,25.91,4.02,1.68,7.65,47.7,61.52,73.49,60.57,13.16,16.17,36.83,20.52
355,Chapati with Curry,Lunch,Veg,415,83.34,2.37,8.02,6.57,298.86,81.13,3.29,0.48,51.77,29.05,61.44,7.23,49.87,6.99,10.16,31.48,73.06
356,Chapati with Curry,Lunch,Veg,117,0.0,3.15,16.33,11.64,120.96,53.11,0.59,3.74,60.95,29.41,13.32,85.93,39.61,21.82,88.47,7.0,54.06
357,Vegetable Biryani,Lunch,Veg,209,0.0,33.09,17.67,1.94,28.23,71.47,6.42,1.27,54.66,73.44,5.06,15.18,81.84,19.55,18.5,16.27,78.31
358,Rice and Dal,Lunch,Veg,302,41.3,17.75,7.31,13.79,100.75,60.67,7.03,3.02,50.07,24.12,3.24,70.86,80.57,33.7,78.55,2.94,9.47
359,Rice and Dal,Lunch,Veg,351,24.64,21.87,18.33,13.7,259.02,27.71,6.02,3.98,46.35,54.13,17.09,45.37,68.89,47.16,45.28,23.32,26.63
360,Curd Rice,Lunch,Veg,95,0.0,19.77,20.36,8.56,146.11,114.53,2.37,4.38,20.27,33.5,37.7,23.54,13.16,19.63,83.03,74.41,84.49
361,Grilled Chicken,Lunch,Non-Veg,384,52.17,15.97,12.38,1.15,198.55,20.11,4.35,4.3,54.46,30.14,20.52,16.99,66.63,44.59,3.43,36.05,86.37
362,Paneer Curry,Dinner,Veg,390,45.84,18.92,14.55,13.26,84.37,102.96,1.71,3.84,28.63,72.89,87.62,1.4,77.7,5.86,62.22,33.79,56.9
363,Vegetable Soup,Dinner,Veg,288,47.48,18.98,2.46,3.5,183.9,26.36,2.53,0.75,29.56,52.74,31.89,16.3,55.38,89.42,33.97,57.2,25.7
364,Rice and Dal,Lunch,Veg,163,0.0,12.35,24.67,7.93,183.56,32.81,3.21,4.36,80.81,3.13,53.49,15.66,87.75,7.7,87.3,68.02,10.38
365,Fruit Salad,Breakfast,Veg,377,40.21,6.61,21.08,13.62,72.2,64.86,1.04,4.02,20.03,34.31,49.41,22.34,56.66,87.94,20.48,22.31,17.85
366,Oats Porridge,Breakfast,Veg,144,0.0,32.52,7.04,14.93,248.58,108.78,2.57,1.07,19.46,37.65,8.65,24.92,65.1,43.75,1.77,7.67,2.31
367,Egg Omelette,Dinner,Non-Veg,202,3.23,32.4,6.61,6.88,252.01,56.16,7.32,2.49,46.83,7.78,3.19,29.64,42.18,40.48,1.57,30.0,37.84
368,Vegetable Upma,Breakfast,Veg,107,0.0,32.82,10.93,14.91,114.87,19.53,3.66,1.06,41.97,22.96,11.46,47.15,20.31,24.36,80.73,79.17,5.2
369,Fruit Salad,Breakfast,Veg,264,29.15,17.86,8.44,4.24,261.27,116.27,1.09,3.36,18.25,88.82,26.9,22.25,58.36,29.41,81.9,27.96,28.85
370,Paneer Curry,Dinner,Veg,216,0.0,14.89,24.16,11.69,331.16,51.87,4.5,4.09,41.57,46.39,52.86,20.77,64.69,55.92,45.86,66.02,7.31
371,Rice and Dal,Lunch,Veg,138,0.0,20.01,14.08,14.68,100.3,49.94,3.02,2.36,60.79,52.8,48.84,70.39,68.97,70.41,71.51,16.18,82.03
372,Grilled Chicken,Lunch,Non-Veg,336,43.94,8.22,14.15,4.46,181.17,86.88,6.15,1.2,76.51,28.91,70.17,52.77,89.75,16.58,76.12,16.74,81.08
373,Vegetable Upma,Breakfast,Veg,142,0.0,28.18,23.91,10.62,117.2,76.93,2.48,3.02,82.22,4.38,22.98,69.24,60.59,12.6,33.63,24.48,82.98
374,Idli,Breakfast,Veg,245,0.0,6.87,24.51,4.34,131.79,47.55,7.76,0.43,63.4,81.37,8.13,78.21,66.57,68.22,85.34,62.68,81.21
375,Vegetable Biryani,Lunch,Veg,202,0.0,28.71,24.48,14.69,52.13,95.59,4.67,2.72,25.33,54.82,0.97,32.82,65.67,67.18,35.14,13.08,48.28
376,Vegetable Biryani,Lunch,Veg,162,17.28,15.77,3.31,14.71,132.7,64.56,4.62,2.67,72.64,19.61,23.46,33.86,68.46,1.62,69.37,55.8,78.0
377,Fish Curry,Dinner,Non-Veg,187,19.46,3.69,10.49,6.44,184.98,96.14,7.3,3.82,10.73,43.26,27.48,22.0,56.05,51.38,63.2,19.49,55.75
378,Chapati with Curry,Lunch,Veg,81,7.59,7.53,2.28,11.05,21.42,27.37,4.99,0.62,28.97,25.77,81.61,56.17,29.47,76.71,27.08,46.37,23.09
379,Vegetable Khichdi,Dinner,Veg,342,35.39,15.26,15.49,6.7,109.04,18.22,7.42,3.01,87.0,22.25,62.62,61.61,4.55,56.7,23.52,39.87,51.11
380,Chapati with Curry,Lunch,Veg,113,0.0,23.77,6.04,2.19,270.68,85.95,6.4,3.26,3.41,33.74,27.63,65.87,28.85,41.15,13.02,45.32,17.51
381,Oats Porridge,Breakfast,Veg,111,0.0,9.01,17.5,3.81,211.55,84.39,7.41,2.84,61.96,39.59,82.53,81.62,81.31,55.22,13.81,61.24,31.55
382,Chapati with Curry,Lunch,Veg,124,0.0,8.49,18.92,6.35,191.02,74.86,1.86,3.63,48.86,9.05,45.29,42.3,41.02,38.27,69.09,74.68,25.5
383,Fish Curry,Dinner,Non-Veg,428,83.14,21.32,1.13,9.81,199.52,31.24,4.45,4.65,63.75,19.78,49.57,32.96,34.12,61.63,32.25,5.44,85.38
384,Vegetable Biryani,Lunch,Veg,136,0.0,11.21,14.3,11.67,51.37,16.84,4.2,4.84,14.1,19.73,6.41,33.77,52.36,67.7,47.23,53.23,21.05
385,Vegetable Soup,Dinner,Veg,437,57.08,27.76,10.85,6.57,54.33,48.74,4.19,3.98,70.37,16.59,0.72,19.07,61.22,74.94,18.52,67.05,24.27
386,Curd Rice,Lunch,Veg,172,0.0,34.85,23.69,6.0,176.85,83.32,3.92,3.27,22.1,11.64,74.99,84.03,50.06,67.99,88.57,83.56,48.43
387,Dosa,Breakfast,Veg,191,11.27,19.51,7.54,10.01,177.32,70.62,4.46,2.28,54.52,42.98,27.65,55.41,45.96,20.87,30.94,79.36,50.66
388,Vegetable Upma,Breakfast,Veg,307,10.68,25.32,18.11,2.73,75.34,70.89,6.43,3.5,45.13,73.09,52.27,53.53,35.04,5.14,36.71,60.51,16.43
389,Idli,Breakfast,Veg,401,56.66,15.26,12.59,6.15,221.44,22.25,3.61,2.72,85.84,0.35,49.25,56.58,61.58,73.26,14.3,32.81,30.23
390,Vegetable Khichdi,Dinner,Veg,424,55.01,19.45,14.02,1.38,252.55,106.46,6.39,1.66,86.87,18.59,10.43,62.4,9.58,21.36,50.02,32.43,73.12
391,Curd Rice,Lunch,Veg,121,0.0,18.71,24.24,8.79,329.17,54.62,6.07,3.82,5.25,12.21,87.97,59.01,20.12,41.67,70.41,8.72,59.24
392,Egg Omelette,Dinner,Non-Veg,300,46.3,4.6,10.71,14.71,117.27,51.81,4.09,2.44,76.38,12.51,15.15,46.94,57.29,87.54,6.19,10.66,32.67
393,Rice and Dal,Lunch,Veg,281,20.97,19.65,13.17,11.49,264.76,29.31,4.81,3.25,5.52,58.43,63.11,65.72,8.33,25.9,75.41,7.46,82.6
394,Grilled Chicken,Lunch,Non-Veg,307,28.77,8.33,17.62,5.08,331.29,85.68,4.17,0.76,86.42,86.63,76.72,60.94,6.31,14.2,36.59,85.33,83.53
395,Grilled Chicken,Lunch,Non-Veg,449,77.5,2.21,14.46,10.05,102.83,89.46,4.76,1.01,45.24,84.5,27.4,39.36,1.42,6.16,8.1,34.28,47.92
396,Idli,Breakfast,Veg,410,76.32,20.89,2.35,14.86,20.93,30.34,6.42,4.04,54.89,22.48,69.04,49.02,1.3,73.7,69.74,4.59,5.93
397,Vegetable Soup,Dinner,Veg,432,64.06,17.95,11.55,1.15,36.96,88.55,2.07,4.84,79.01,18.47,39.33,27.43,11.37,81.12,32.83,33.47,76.66
398,Idli,Breakfast,Veg,337,34.42,18.94,13.73,8.24,332.3,101.75,3.86,1.88,16.6,67.95,15.94,50.62,23.73,38.3,51.36,64.12,41.93
399,Vegetable Khichdi,Dinner,Veg,263,0.0,17.09,23.89,13.3,113.03,21.69,2.57,4.52,15.09,80.23,0.21,22.64,7.59,88.34,34.24,70.37,46.01
400,Egg Omelette,Dinner,Non-Veg,350,9.49,27.09,22.63,2.1,262.48,41.3,4.26,1.09,25.51,73.64,88.74,6.88,30.16,30.64,71.71,81.14,29.08
401,Vegetable Upma,Breakfast,Veg,207,0.0,7.76,23.68,12.54,85.69,42.05,3.11,2.57,30.83,14.26,25.47,57.06,43.61,2.11,43.58,77.4,14.01
402,Egg Omelette,Dinner,Non-Veg,286,16.97,18.89,15.84,11.29,147.37,45.36,1.14,2.98,19.46,14.49,21.61,80.79,61.67,1.26,26.16,8.95,48.77
403,Rice and Dal,Lunch,Veg,294,7.44,27.54,17.12,7.51,348.13,112.03,5.67,2.85,10.34,81.76,40.58,87.75,26.04,6.55,26.83,13.88,62.62
404,Vegetable Upma,Breakfast,Veg,129,0.0,32.51,12.32,6.31,118.18,47.48,3.24,3.98,15.44,25.39,29.58,52.73,28.71,78.2,59.11,8.89,20.9
405,Vegetable Upma,Breakfast,Veg,192,17.39,21.97,3.84,8.56,224.73,110.84,0.81,3.65,63.08,44.19,51.09,67.64,59.09,25.96,79.62,27.82,50.5
406,Rice and Dal,Lunch,Veg,184,18.38,24.74,1.28,1.01,254.47,43.11,2.62,2.88,16.46,45.95,16.08,12.34,9.39,51.85,29.17,66.79,58.33
407,Vegetable Soup,Dinner,Veg,361,52.99,10.42,11.93,13.05,132.59,92.58,1.17,0.42,0.94,64.37,75.07,84.87,83.34,38.15,64.69,10.08,47.03
408,Grilled Chicken,Lunch,Non-Veg,416,41.89,11.33,22.57,11.71,256.48,22.45,1.81,1.25,88.13,60.26,11.6,11.93,82.01,48.4,81.02,74.92,20.1
409,Idli,Breakfast,Veg,251,0.0,33.9,21.6,10.81,127.7,76.84,4.25,4.63,25.31,17.36,43.41,3.45,68.31,86.35,10.06,84.84,59.06
410,Paneer Curry,Dinner,Veg,350,27.14,5.32,24.46,5.36,207.1,31.24,4.85,1.91,80.11,13.72,30.85,32.5,6.91,87.53,11.13,53.99,78.59
411,Vegetable Biryani,Lunch,Veg,335,59.79,10.12,6.15,7.7,306.83,58.77,5.01,1.95,38.14,87.74,31.52,32.43,34.85,6.56,63.1,56.72,48.25
412,Idli,Breakfast,Veg,365,67.92,17.59,2.55,10.21,101.84,56.99,2.16,3.37,28.3,0.9,22.49,14.87,74.37,7.07,5.29,60.04,66.58
413,Paneer Curry,Dinner,Veg,426,91.68,5.3,4.23,5.18,138.71,68.42,3.27,4.02,88.81,37.5,33.94,43.11,27.93,31.1,25.29,44.1,19.9
414,Dosa,Breakfast,Veg,329,28.17,5.86,21.43,8.14,287.39,104.77,1.6,4.12,35.05,64.19,26.6,18.32,3.03,23.71,15.69,19.58,52.64
415,Grilled Chicken,Lunch,Non-Veg,193,0.0,8.47,23.92,4.83,55.14,119.67,2.58,4.63,19.72,10.03,6.15,21.54,18.48,20.69,86.12,75.44,85.61
416,Curd Rice,Lunch,Veg,417,40.71,31.97,14.03,12.42,165.01,26.15,3.61,1.87,57.31,84.12,61.01,65.3,43.34,62.56,22.23,32.39,69.8
417,Fruit Salad,Breakfast,Veg,89,0.0,9.86,22.23,11.57,161.4,51.19,5.63,4.55,40.8,38.98,0.34,39.92,84.3,44.85,51.68,74.66,41.43
418,Fruit Salad,Breakfast,Veg,366,51.08,34.14,2.79,14.54,321.75,92.28,1.88,3.05,27.45,63.64,79.33,23.5,86.02,72.33,14.73,86.62,7.22
419,Paneer Curry,Dinner,Veg,309,7.14,33.86,16.11,3.01,292.66,38.3,6.74,0.86,37.61,37.46,52.12,68.69,19.1,88.79,42.13,57.63,78.56
420,Rice and Dal,Lunch,Veg,262,2.16,24.78,17.14,12.77,257.89,101.86,5.18,1.16,78.87,62.52,16.03,23.08,56.62,53.41,13.67,89.27,6.73
421,Vegetable Upma,Breakfast,Veg,210,0.0,22.08,20.66,8.65,137.36,30.65,2.89,1.28,35.28,29.98,58.77,4.48,87.36,16.29,19.84,62.14,43.83
422,Egg Omelette,Dinner,Non-Veg,121,0.0,15.9,17.05,3.19,207.24,108.97,1.58,0.42,11.88,70.37,60.1,63.13,9.41,23.39,13.38,16.04,67.29
423,Idli,Breakfast,Veg,240,7.42,25.8,11.9,1.41,286.88,106.72,4.31,1.78,5.45,71.5,18.61,69.29,67.01,22.84,37.75,66.11,1.28
424,Paneer Curry,Dinner,Veg,257,0.0,20.56,22.6,2.38,276.49,14.15,6.78,0.73,32.47,82.32,72.43,18.65,69.87,24.99,85.6,39.88,0.35
425,Curd Rice,Lunch,Veg,133,0.0,28.29,14.27,12.7,304.47,64.4,2.49,3.19,27.55,26.44,89.74,68.34,61.82,42.91,19.26,21.68,68.66
426,Curd Rice,Lunch,Veg,269,22.83,22.33,9.82,10.11,77.87,85.29,1.9,3.74,30.05,63.01,46.65,50.97,76.47,81.21,50.1,51.22,77.14
427,Egg Omelette,Dinner,Non-Veg,136,0.0,32.37,1.46,5.32,346.02,17.32,0.75,0.37,13.82,19.42,57.77,16.17,21.64,69.45,59.03,75.65,24.47
428,Fish Curry,Dinner,Non-Veg,287,52.66,13.58,2.45,13.99,298.95,15.65,4.25,4.62,71.57,31.93,53.87,86.44,23.74,38.0,86.17,25.21,31.73
429,Vegetable Upma,Breakfast,Veg,114,0.0,29.93,6.6,8.16,185.72,96.13,2.64,2.03,76.25,66.35,69.65,32.06,7.87,13.5,45.35,49.08,19.68
430,Idli,Breakfast,Veg,349,34.57,12.81,17.72,6.59,91.34,71.9,4.52,4.77,23.28,35.69,40.63,15.16,31.75,70.13,10.98,63.0,20.12
431,Fish Curry,Dinner,Non-Veg,379,24.35,28.35,18.69,13.13,93.55,106.78,6.29,3.52,18.42,1.95,65.69,14.41,83.15,2.93,43.67,87.06,25.63
432,Vegetable Soup,Dinner,Veg,140,3.72,28.89,1.06,1.01,64.93,118.14,4.57,3.24,35.71,41.48,68.51,57.66,33.91,4.83,76.17,14.01,42.66
433,Vegetable Soup,Dinner,Veg,310,32.41,6.07,17.34,1.57,116.58,83.0,6.0,0.59,55.72,6.45,58.81,19.77,58.44,7.46,21.2,66.87,28.12
434,Vegetable Soup,Dinner,Veg,104,0.0,24.25,23.67,12.57,155.68,30.23,5.58,4.43,81.08,11.75,41.54,6.87,39.72,4.14,64.2,30.84,29.73
435,Vegetable Upma,Breakfast,Veg,82,0.0,31.4,15.41,5.1,139.03,40.15,1.47,4.19,43.39,26.39,68.52,56.03,25.62,66.52,80.16,19.41,51.52
436,Vegetable Upma,Breakfast,Veg,115,6.27,14.63,3.49,5.55,247.71,46.62,2.05,2.09,35.39,4.73,67.57,72.56,20.12,45.3,85.59,24.07,43.69
437,Fish Curry,Dinner,Non-Veg,110,0.0,4.58,18.25,4.26,345.03,57.19,0.52,3.68,65.98,85.2,87.41,70.08,14.12,47.22,3.94,1.08,25.59
438,Vegetable Soup,Dinner,Veg,93,0.0,8.58,17.53,6.48,250.08,89.09,7.54,1.48,73.32,47.72,24.18,49.54,35.29,29.51,13.11,19.15,48.76
439,Dosa,Breakfast,Veg,120,0.0,26.65,16.06,11.8,224.55,84.32,2.15,0.71,83.71,7.94,64.55,55.11,82.26,56.39,8.48,23.66,77.02
440,Idli,Breakfast,Veg,410,58.13,27.61,7.45,3.1,326.33,109.07,7.82,2.83,12.33,47.72,11.11,23.69,74.22,64.39,86.94,13.73,39.94
441,Vegetable Khichdi,Dinner,Veg,259,18.06,17.57,12.94,8.4,155.34,36.25,3.47,0.41,61.95,32.08,31.45,73.16,10.88,23.5,46.61,74.0,65.36
442,Grilled Chicken,Lunch,Non-Veg,269,28.22,12.46,11.81,1.92,25.19,33.38,7.09,1.88,7.48,4.85,16.09,36.28,34.76,14.85,12.58,7.76,70.03
443,Rice and Dal,Lunch,Veg,280,10.08,13.41,20.67,4.42,248.94,83.33,3.72,1.53,80.5,76.54,12.94,21.34,88.45,17.3,66.23,81.85,35.34
444,Egg Omelette,Dinner,Non-Veg,205,21.07,16.97,5.87,10.35,51.09,32.86,5.87,1.38,26.65,30.24,40.8,13.09,4.44,46.04,70.06,53.75,79.66
445,Idli,Breakfast,Veg,237,0.0,14.81,22.94,3.49,244.83,37.93,2.54,3.77,36.45,66.22,76.73,5.78,37.23,42.03,49.66,23.98,17.26
446,Idli,Breakfast,Veg,356,78.39,7.84,1.23,11.51,273.83,101.26,1.68,0.5,26.26,89.66,65.11,27.52,53.5,55.74,43.2,60.19,77.14
447,Paneer Curry,Dinner,Veg,254,34.9,7.2,9.51,12.98,344.31,22.1,5.4,2.63,63.61,0.9,45.62,49.07,82.81,76.88,22.43,82.44,68.12
448,Rice and Dal,Lunch,Veg,216,23.36,22.25,3.73,10.13,240.86,44.99,4.35,4.49,20.25,82.36,49.36,13.69,10.87,39.52,74.69,28.77,3.3
449,Egg Omelette,Dinner,Non-Veg,321,9.23,25.73,20.13,1.9,279.93,104.68,6.72,0.77,29.62,78.74,23.17,39.2,30.57,86.17,31.82,2.89,58.39
450,Paneer Curry,Dinner,Veg,127,0.0,18.41,16.81,3.35,34.01,22.94,5.23,3.02,23.23,66.0,41.7,52.38,5.1,30.9,35.64,32.72,49.56
451,Curd Rice,Lunch,Veg,334,31.51,15.43,16.25,2.06,269.96,42.45,0.96,1.25,8.17,23.23,7.18,12.65,4.89,85.09,15.16,52.36,19.22
452,Rice and Dal,Lunch,Veg,278,0.0,26.0,21.91,7.23,21.79,29.1,7.53,0.83,47.99,83.07,79.09,35.65,15.43,82.94,6.58,59.73,67.86
453,Idli,Breakfast,Veg,413,58.47,6.19,17.15,3.85,238.28,10.15,2.55,4.96,50.42,7.61,85.93,50.86,31.66,27.15,20.37,13.81,2.04
454,Vegetable Soup,Dinner,Veg,314,24.83,6.49,20.97,4.66,158.64,49.05,3.75,4.73,77.19,82.29,59.25,18.09,81.66,71.11,7.84,56.98,89.49
455,Oats Porridge,Breakfast,Veg,411,92.07,2.87,3.47,2.79,84.41,45.23,0.65,1.69,41.96,2.91,59.36,17.56,77.53,44.01,81.54,79.99,2.09
456,Curd Rice,Lunch,Veg,112,0.0,34.89,10.68,13.81,67.89,113.19,7.45,1.87,51.02,18.76,78.68,53.53,54.7,59.64,67.11,41.08,66.16
457,Curd Rice,Lunch,Veg,114,0.0,4.31,15.62,3.15,123.16,39.56,3.8,3.44,23.46,21.98,68.45,63.2,49.12,44.42,16.84,44.94,83.15
458,Oats Porridge,Breakfast,Veg,424,54.77,27.54,10.53,14.67,285.56,57.49,4.54,4.64,89.07,73.62,55.38,29.58,16.48,83.08,65.45,87.07,60.55
459,Egg Omelette,Dinner,Non-Veg,325,30.36,9.15,18.55,10.68,286.37,16.23,3.64,3.34,26.7,31.74,86.27,0.25,6.11,11.9,36.21,47.06,74.87
460,Grilled Chicken,Lunch,Non-Veg,425,40.87,19.5,20.39,7.72,208.73,77.43,7.82,3.88,49.09,68.84,69.47,9.96,30.36,83.06,1.29,33.26,43.55
461,Fish Curry,Dinner,Non-Veg,121,0.0,28.26,8.1,7.94,153.57,103.68,4.47,3.05,46.17,1.52,45.45,66.6,1.72,21.66,1.5,73.79,86.95
462,Egg Omelette,Dinner,Non-Veg,133,0.0,8.16,17.01,12.1,119.57,12.18,1.24,3.84,72.61,69.46,3.55,84.43,51.09,13.73,38.14,39.59,42.95
463,Vegetable Upma,Breakfast,Veg,174,0.0,20.44,15.15,14.69,94.04,40.08,7.46,2.16,25.77,75.64,33.12,12.56,43.79,64.87,47.83,65.64,67.0
464,Curd Rice,Lunch,Veg,202,33.85,10.6,2.69,12.1,98.83,89.55,5.09,2.32,74.88,7.71,28.9,38.36,42.44,36.67,3.19,38.13,4.67
465,Oats Porridge,Breakfast,Veg,92,0.0,31.2,1.14,8.25,222.48,23.47,5.38,3.47,26.41,73.29,53.09,75.1,40.6,56.08,59.26,7.59,8.47
466,Dosa,Breakfast,Veg,448,89.7,4.12,8.08,14.01,344.66,98.14,3.69,0.71,87.32,33.27,62.5,1.42,41.77,66.97,17.77,54.53,44.7
467,Vegetable Khichdi,Dinner,Veg,122,0.0,21.42,16.06,8.21,68.89,11.83,4.87,0.31,40.54,65.96,76.13,46.31,50.31,62.91,22.26,40.57,68.38
468,Oats Porridge,Breakfast,Veg,421,26.36,33.08,20.36,5.44,262.61,28.79,2.42,3.27,48.53,60.91,20.31,13.78,9.32,14.49,75.27,28.01,47.84
469,Grilled Chicken,Lunch,Non-Veg,111,0.0,22.01,10.97,6.93,224.18,73.15,3.43,0.92,1.24,21.69,24.61,7.3,47.31,76.19,16.24,43.07,4.22
470,Vegetable Khichdi,Dinner,Veg,239,34.52,10.36,6.61,8.88,46.48,34.69,2.27,1.71,10.31,6.52,0.28,15.04,54.31,41.69,51.67,4.41,19.34
471,Grilled Chicken,Lunch,Non-Veg,226,18.8,13.78,10.63,6.26,137.35,21.12,5.92,2.99,5.43,21.12,12.79,17.38,74.29,54.13,88.87,27.27,66.4
472,Idli,Breakfast,Veg,198,0.0,20.61,14.29,13.5,184.1,20.28,1.07,1.13,7.95,49.49,55.44,14.88,85.58,75.28,70.76,67.07,72.58
473,Idli,Breakfast,Veg,318,48.87,26.65,1.77,5.45,45.75,47.47,4.33,4.11,19.19,83.59,73.4,18.41,52.44,51.7,62.83,83.98,51.64
474,Vegetable Upma,Breakfast,Veg,253,0.0,20.41,24.52,4.05,215.5,100.98,1.24,3.44,65.17,87.22,87.29,7.88,5.98,83.69,23.89,36.29,19.56
475,Oats Porridge,Breakfast,Veg,263,32.6,7.03,11.61,3.65,91.35,119.99,4.77,1.81,33.21,57.04,62.37,40.87,41.99,57.37,39.25,75.22,53.42
476,Rice and Dal,Lunch,Veg,187,7.98,5.72,14.69,6.13,72.77,19.14,5.79,0.52,5.88,34.1,72.99,44.8,1.41,57.86,76.44,79.68,83.5
477,Fruit Salad,Breakfast,Veg,360,19.27,28.5,18.77,14.55,279.16,57.88,3.72,1.92,15.45,65.34,51.73,51.28,68.19,11.98,22.5,25.98,56.63
478,Dosa,Breakfast,Veg,307,11.75,11.07,23.97,4.96,218.28,117.88,4.85,3.88,8.02,34.09,71.38,77.92,9.61,2.97,53.63,69.65,50.49
479,Fish Curry,Dinner,Non-Veg,156,20.05,12.33,2.94,10.85,235.59,112.68,2.1,2.81,56.17,37.89,37.78,8.41,36.07,76.3,29.41,72.51,53.41
480,Vegetable Biryani,Lunch,Veg,297,34.39,16.03,10.59,6.65,34.05,25.77,3.01,0.55,57.55,56.27,67.4,56.22,47.59,47.46,59.02,45.85,14.58
481,Fish Curry,Dinner,Non-Veg,259,43.98,5.81,6.65,5.14,108.25,108.76,1.57,0.41,81.91,27.22,58.85,66.36,86.7,88.0,3.23,61.03,86.07
482,Grilled Chicken,Lunch,Non-Veg,247,8.02,20.9,14.59,3.48,276.34,28.98,7.77,1.33,62.4,39.71,42.91,12.5,88.32,20.33,43.51,41.01,46.65
483,Vegetable Biryani,Lunch,Veg,99,3.79,8.2,5.67,11.88,151.95,115.38,6.09,2.32,61.53,82.18,64.0,22.89,54.31,75.38,78.82,83.25,4.36
484,Vegetable Soup,Dinner,Veg,239,20.57,3.92,15.67,13.18,178.68,46.08,1.2,4.13,78.38,50.35,23.43,41.0,88.43,31.09,8.39,3.81,41.83
485,Oats Porridge,Breakfast,Veg,215,7.08,2.39,19.68,14.86,140.78,25.94,1.28,2.36,41.23,46.4,2.21,35.43,54.54,16.51,20.1,50.41,58.34
486,Oats Porridge,Breakfast,Veg,104,1.74,13.53,4.77,11.58,80.82,31.4,2.18,1.09,9.05,53.61,6.4,30.26,10.86,14.77,1.34,86.69,28.45
487,Fruit Salad,Breakfast,Veg,180,20.34,18.54,2.72,14.71,314.85,103.76,1.32,2.37,74.61,23.15,68.11,27.69,87.57,47.56,51.51,48.31,24.21
488,Dosa,Breakfast,Veg,438,83.35,19.47,2.97,1.61,111.95,82.94,6.78,3.26,41.84,18.1,88.65,50.12,4.84,8.76,86.78,73.66,20.34
489,Dosa,Breakfast,Veg,200,8.68,24.67,7.4,8.3,238.99,31.17,5.92,1.0,40.01,63.82,87.78,45.03,23.16,74.27,42.99,17.45,63.52
490,Paneer Curry,Dinner,Veg,94,0.0,7.2,11.25,14.68,324.95,78.13,1.46,2.6,20.04,36.17,83.94,52.45,38.44,72.4,49.1,27.43,40.0
491,Vegetable Soup,Dinner,Veg,424,65.85,24.15,7.11,12.7,126.4,114.29,5.89,3.53,38.7,14.6,25.55,11.15,67.07,12.6,58.6,65.82,12.86
492,Paneer Curry,Dinner,Veg,187,32.54,5.03,4.08,1.92,20.8,54.0,1.51,2.48,14.64,36.51,80.0,48.73,78.69,7.97,4.53,3.6,58.9
493,Vegetable Biryani,Lunch,Veg,84,0.0,20.54,18.31,7.11,35.08,99.99,2.78,4.11,2.03,73.69,50.04,34.45,14.82,36.51,84.17,16.97,31.96
494,Fish Curry,Dinner,Non-Veg,333,16.66,25.84,18.11,13.04,93.86,60.06,6.37,3.67,16.67,0.22,41.41,70.41,58.12,83.94,34.38,50.51,43.89
495,Vegetable Biryani,Lunch,Veg,367,72.79,5.62,5.93,14.79,248.4,97.65,7.12,4.67,67.62,63.88,7.13,28.47,74.83,20.25,34.62,7.95,16.01
496,Grilled Chicken,Lunch,Non-Veg,364,13.74,27.02,22.33,7.87,327.94,47.26,2.27,0.61,9.51,53.85,81.62,76.63,71.85,16.54,72.11,37.55,66.2
497,Grilled Chicken,Lunch,Non-Veg,147,0.0,16.44,18.12,14.77,188.94,91.68,1.07,1.1,80.01,61.9,31.19,20.43,10.49,31.95,65.73,74.17,7.28
498,Oats Porridge,Breakfast,Veg,252,0.0,15.11,23.8,9.67,230.63,62.56,0.92,2.2,44.8,8.07,61.39,44.88,51.0,71.23,89.93,7.16,38.23
499,Egg Omelette,Dinner,Non-Veg,107,0.0,11.73,13.5,7.74,297.91,39.87,3.44,1.76,70.7,47.38,53.04,40.89,70.21,4.7,32.73,42.07,83.59
500,Egg Omelette,Dinner,Non-Veg,311,47.14,28.13,1.1,13.02,218.6,36.04,6.4,2.56,2.18,76.51,85.56,88.87,11.21,48.41,57.81,76.14,1.59
501,Oats Porridge,Breakfast,Veg,292,17.17,21.02,15.47,2.26,106.63,112.95,2.32,3.37,57.99,58.17,28.44,32.37,84.32,68.13,68.76,25.94,73.33
502,Vegetable Soup,Dinner,Veg,406,34.52,24.5,18.88,13.69,261.9,28.06,3.4,2.4,65.04,14.7,33.43,38.16,13.9,68.18,5.47,57.48,73.17
503,Vegetable Upma,Breakfast,Veg,96,0.0,16.72,22.02,8.03,262.49,19.16,1.39,4.84,13.17,49.3,65.33,53.3,11.82,24.2,38.55,26.01,78.53
504,Oats Porridge,Breakfast,Veg,183,8.35,20.3,7.6,1.9,115.46,100.23,1.07,3.64,41.36,20.66,53.2,12.53,36.24,54.34,21.59,59.94,68.17
505,Grilled Chicken,Lunch,Non-Veg,222,0.0,19.5,19.84,12.98,333.81,11.03,0.93,3.36,79.03,31.33,19.39,68.89,59.56,50.72,12.7,23.87,87.51
506,Grilled Chicken,Lunch,Non-Veg,171,0.0,6.49,19.96,4.02,22.48,91.39,5.56,2.16,17.18,58.99,46.67,29.62,26.16,46.59,83.73,45.07,1.75
507,Fish Curry,Dinner,Non-Veg,298,41.1,3.36,13.35,5.83,332.05,84.09,7.12,4.03,79.75,59.11,47.24,37.05,42.46,72.73,79.32,10.16,30.63
508,Vegetable Biryani,Lunch,Veg,344,36.08,18.74,13.86,12.26,349.1,78.81,2.18,1.33,60.03,75.26,32.28,37.17,55.18,47.12,40.81,16.15,44.41
509,Vegetable Soup,Dinner,Veg,289,20.32,15.86,16.03,10.84,233.87,78.31,6.5,0.31,82.07,78.98,19.93,18.02,70.48,88.55,3.81,66.11,29.79
510,Curd Rice,Lunch,Veg,319,41.56,17.4,9.24,6.69,186.41,75.16,5.2,0.5,28.74,4.03,58.28,73.99,32.44,47.0,66.89,61.09,17.16
511,Rice and Dal,Lunch,Veg,118,4.72,18.12,2.96,10.53,29.06,39.21,1.31,2.37,43.98,88.74,7.88,6.6,32.23,78.06,9.46,27.05,44.58
512,Curd Rice,Lunch,Veg,264,43.48,12.48,4.46,12.83,120.68,49.8,2.49,2.47,44.03,16.37,3.5,63.13,1.83,8.95,1.88,82.06,45.22
513,Vegetable Upma,Breakfast,Veg,321,32.93,7.02,17.91,3.38,33.57,53.65,4.56,1.89,14.25,53.77,65.61,89.0,87.7,10.08,33.76,0.9,67.96
514,Vegetable Soup,Dinner,Veg,340,39.37,25.45,8.97,7.65,276.08,69.58,7.74,2.89,3.28,32.7,45.07,22.02,3.57,75.04,78.12,37.15,36.38
515,Vegetable Biryani,Lunch,Veg,227,0.0,15.66,23.29,1.54,214.25,49.24,1.98,2.45,54.26,44.19,60.64,15.57,53.93,17.45,33.26,27.9,5.64
516,Paneer Curry,Dinner,Veg,196,0.0,29.28,20.05,6.6,173.05,71.21,6.67,1.26,77.86,15.97,69.95,55.51,29.34,27.86,21.27,39.43,78.22
517,Idli,Breakfast,Veg,140,0.0,28.99,3.73,9.87,201.47,97.97,3.38,0.93,56.87,51.22,39.75,14.53,88.42,28.06,65.46,33.95,87.78
518,Dosa,Breakfast,Veg,425,41.2,12.65,23.29,13.19,300.37,82.53,2.9,4.3,70.96,63.43,41.3,39.72,78.1,62.53,41.38,19.36,50.91
519,Chapati with Curry,Lunch,Veg,105,0.0,30.44,22.13,11.14,206.71,90.5,0.97,1.14,14.18,55.41,55.47,8.47,9.05,50.11,31.21,58.78,13.41
520,Vegetable Upma,Breakfast,Veg,119,0.0,24.16,9.57,3.78,152.27,14.26,5.65,2.72,10.12,5.31,85.98,11.85,86.59,55.9,87.88,32.97,0.57
521,Grilled Chicken,Lunch,Non-Veg,101,0.0,6.86,16.34,4.93,150.05,100.32,6.57,3.04,1.95,87.8,14.98,36.3,89.68,57.98,74.64,83.54,6.31
522,Paneer Curry,Dinner,Veg,325,14.53,16.77,22.2,10.38,243.53,36.01,0.87,1.55,37.0,64.08,47.66,34.53,39.01,68.03,83.66,50.87,22.17
523,Grilled Chicken,Lunch,Non-Veg,151,0.0,34.2,14.32,9.94,247.32,93.12,7.97,2.17,82.2,44.89,78.19,51.11,62.26,21.2,53.34,79.27,49.57
524,Chapati with Curry,Lunch,Veg,427,52.42,2.83,22.89,14.72,169.7,23.59,1.8,3.32,1.4,76.87,11.3,28.28,35.01,89.31,82.84,9.95,82.19
525,Paneer Curry,Dinner,Veg,316,29.66,17.95,13.95,12.55,223.84,119.1,4.7,3.9,18.67,71.82,57.41,42.76,80.48,88.36,82.24,74.76,0.66
526,Egg Omelette,Dinner,Non-Veg,383,70.3,13.37,5.37,1.83,304.55,42.98,3.73,4.26,45.18,89.91,30.09,35.33,82.16,55.16,48.98,75.07,74.45
527,Vegetable Khichdi,Dinner,Veg,99,0.81,12.51,5.08,9.41,46.05,114.41,6.68,2.0,59.82,16.95,60.14,20.32,68.19,22.45,39.01,48.28,87.76
528,Egg Omelette,Dinner,Non-Veg,175,11.52,18.35,6.17,13.77,305.12,51.64,5.99,4.97,87.1,27.65,85.65,20.84,82.56,44.81,23.9,23.27,36.31
529,Dosa,Breakfast,Veg,357,22.62,10.45,24.97,6.0,82.92,117.31,2.89,1.45,43.33,79.13,11.82,14.23,87.87,34.64,61.1,22.03,42.81
530,Idli,Breakfast,Veg,324,53.09,11.46,7.31,14.89,190.78,62.07,3.46,0.65,50.15,40.33,3.73,73.32,45.64,21.79,51.93,40.27,24.14
531,Paneer Curry,Dinner,Veg,403,62.78,2.47,15.78,9.6,122.24,86.64,0.84,4.37,63.46,65.18,83.11,87.8,76.74,3.89,1.54,7.35,17.95
532,Fruit Salad,Breakfast,Veg,345,19.65,34.13,14.43,5.49,198.32,87.12,2.72,3.03,13.51,50.84,73.37,18.43,74.37,34.55,41.51,34.39,81.57
533,Paneer Curry,Dinner,Veg,99,0.0,17.8,6.03,13.37,63.03,112.79,4.25,3.43,88.93,36.0,48.12,65.78,45.78,73.52,38.47,59.58,83.38
534,Vegetable Biryani,Lunch,Veg,316,18.38,17.08,19.35,5.29,220.59,103.2,3.43,3.0,50.35,24.18,23.94,56.31,1.8,28.49,20.88,44.79,80.19
535,Vegetable Khichdi,Dinner,Veg,423,43.75,23.68,17.03,12.23,147.03,65.28,7.0,0.71,8.35,87.2,36.09,44.5,83.79,69.27,55.79,58.05,46.41
536,Vegetable Biryani,Lunch,Veg,347,23.07,19.72,19.54,14.15,324.05,114.43,2.95,3.03,44.47,58.69,3.25,75.31,72.02,15.61,29.37,38.61,53.42
537,Paneer Curry,Dinner,Veg,212,0.0,34.3,18.36,5.25,225.51,18.62,7.85,4.66,55.26,42.81,82.34,26.86,61.9,1.09,58.31,71.58,43.01
538,Rice and Dal,Lunch,Veg,330,2.0,25.04,24.65,14.79,36.9,45.84,5.35,3.82,78.14,27.75,67.19,45.94,34.18,75.68,56.35,44.1,3.89
539,Vegetable Soup,Dinner,Veg,250,49.16,4.65,3.86,2.46,212.83,67.51,2.73,1.18,60.3,13.29,1.35,33.73,74.26,35.0,34.92,72.77,83.79
540,Fruit Salad,Breakfast,Veg,263,33.61,3.59,12.69,13.63,168.5,107.77,7.2,1.01,37.84,76.19,11.48,5.88,86.74,45.07,6.79,40.58,39.76
541,Curd Rice,Lunch,Veg,371,49.42,23.03,9.02,10.91,193.81,92.0,3.86,0.36,87.88,71.45,32.28,24.59,46.4,71.34,31.85,79.67,53.53
542,Vegetable Khichdi,Dinner,Veg,376,9.17,31.84,23.55,1.01,260.52,95.47,3.64,1.03,51.88,62.48,32.18,88.69,20.53,85.32,69.75,32.64,78.16
543,Vegetable Soup,Dinner,Veg,213,0.0,15.11,18.65,2.18,222.96,71.46,6.65,3.23,55.05,49.89,30.05,57.49,17.23,20.34,18.92,40.7,27.51
544,Idli,Breakfast,Veg,375,25.05,25.12,19.37,6.75,56.07,45.42,6.14,3.02,1.08,53.14,30.54,76.01,20.4,74.73,37.42,61.41,36.41
545,Vegetable Khichdi,Dinner,Veg,219,0.0,19.25,16.42,11.22,190.69,108.85,5.79,2.48,10.09,74.6,45.63,12.49,43.1,55.94,60.6,89.71,6.95
546,Vegetable Khichdi,Dinner,Veg,130,3.91,3.25,11.26,4.57,271.93,72.97,6.86,1.21,25.41,77.11,8.52,72.78,32.18,75.9,74.85,21.78,47.89
547,Oats Porridge,Breakfast,Veg,407,77.82,10.54,5.95,1.05,200.19,78.96,4.94,2.74,47.19,54.39,61.41,67.07,57.65,47.03,56.73,50.3,19.66
548,Fish Curry,Dinner,Non-Veg,255,0.22,33.96,13.14,11.67,193.43,20.64,4.7,4.21,47.09,64.27,67.38,69.55,32.15,80.03,27.46,11.95,46.98
549,Oats Porridge,Breakfast,Veg,394,46.31,29.51,10.08,10.31,34.13,46.13,2.84,3.55,89.88,18.32,25.1,84.41,76.64,46.0,32.1,52.4,67.56
550,Dosa,Breakfast,Veg,102,0.0,14.03,21.68,11.32,49.34,90.14,5.9,4.06,28.96,62.49,34.35,18.76,2.95,23.81,77.24,84.33,75.98
551,Oats Porridge,Breakfast,Veg,335,40.53,17.84,11.28,6.82,41.68,78.74,3.68,0.32,88.57,42.05,82.06,52.19,22.73,83.66,16.23,21.38,33.32
552,Dosa,Breakfast,Veg,360,60.46,12.1,7.75,4.82,191.16,118.57,3.6,2.95,55.04,83.9,16.49,75.17,8.25,10.21,68.06,46.25,76.5
553,Idli,Breakfast,Veg,325,30.0,25.06,11.64,8.69,148.59,79.38,3.18,4.69,61.07,48.76,23.56,55.75,77.27,72.03,68.99,49.54,19.89
554,Vegetable Soup,Dinner,Veg,371,24.58,20.85,21.03,9.11,275.95,119.38,2.75,3.24,5.75,67.29,56.45,45.2,86.3,62.5,69.14,83.97,7.04
555,Dosa,Breakfast,Veg,441,54.97,13.61,18.52,6.74,151.44,32.96,3.98,1.3,16.03,49.33,88.44,87.1,49.95,45.9,70.84,54.51,6.51
556,Vegetable Khichdi,Dinner,Veg,235,26.48,24.93,3.26,5.21,265.2,95.01,0.68,4.48,70.39,22.16,25.82,45.33,23.46,19.53,6.78,81.56,56.98
557,Chapati with Curry,Lunch,Veg,207,0.0,20.57,18.7,6.06,79.5,69.2,7.27,2.74,36.5,70.61,33.22,19.32,65.92,86.81,24.69,78.67,75.07
558,Paneer Curry,Dinner,Veg,144,3.09,28.64,1.9,5.83,69.42,30.12,3.8,0.56,78.46,48.13,84.71,82.19,13.07,9.54,88.19,88.88,68.48
559,Vegetable Khichdi,Dinner,Veg,335,27.63,25.9,13.43,3.48,327.86,88.73,3.44,2.15,34.28,35.95,63.79,12.01,72.4,84.13,84.85,67.21,89.49
560,Dosa,Breakfast,Veg,224,29.53,17.09,4.17,5.92,245.0,10.74,2.81,2.31,39.01,29.64,20.36,88.39,44.06,78.3,30.49,36.55,10.91
561,Fruit Salad,Breakfast,Veg,412,34.75,29.78,17.1,2.73,76.89,69.96,6.92,4.56,3.55,51.2,75.82,31.18,83.17,61.28,11.76,48.5,49.06
562,Dosa,Breakfast,Veg,156,0.0,16.16,12.03,13.68,323.07,89.13,3.74,4.3,27.85,72.92,33.17,47.66,56.32,9.43,12.65,30.87,69.62
563,Vegetable Soup,Dinner,Veg,335,35.86,23.97,10.63,8.98,271.92,14.92,5.84,3.89,64.3,17.4,68.95,10.69,45.67,56.37,0.43,61.16,72.52
564,Vegetable Soup,Dinner,Veg,210,42.78,5.49,1.88,8.97,320.48,97.25,2.62,1.69,84.67,29.83,80.03,38.57,12.87,21.91,8.41,79.47,3.5
565,Grilled Chicken,Lunch,Non-Veg,443,35.45,29.89,20.18,2.44,157.38,28.38,7.15,0.55,10.04,5.9,80.24,45.58,6.96,60.36,39.39,18.68,46.46
566,Rice and Dal,Lunch,Veg,408,37.99,15.25,21.67,14.39,264.82,115.37,4.77,3.65,23.32,69.07,75.66,9.43,78.81,28.24,43.74,89.7,73.87
567,Rice and Dal,Lunch,Veg,396,56.68,31.14,4.97,6.85,174.36,25.21,6.16,3.15,51.97,40.81,40.17,56.36,86.83,39.07,85.03,51.55,50.53
568,Egg Omelette,Dinner,Non-Veg,323,22.22,23.79,15.44,9.16,93.69,109.92,5.82,2.01,57.62,88.29,68.21,88.4,15.3,27.71,72.57,72.7,20.03
569,Fruit Salad,Breakfast,Veg,119,0.0,33.15,12.92,6.94,326.18,10.57,4.52,0.99,38.84,76.2,19.76,75.51,17.36,1.76,25.82,33.19,18.4
570,Vegetable Khichdi,Dinner,Veg,142,0.65,24.21,4.73,10.35,270.43,79.23,0.53,3.72,0.26,88.81,6.54,59.81,79.71,26.64,17.01,6.95,56.14
571,Vegetable Khichdi,Dinner,Veg,156,10.05,13.94,6.67,3.22,300.57,73.69,6.87,3.11,53.64,34.07,81.65,9.14,60.87,79.19,31.11,50.22,44.06
572,Vegetable Khichdi,Dinner,Veg,334,55.12,21.61,3.01,11.9,316.83,53.39,3.03,4.54,86.04,67.23,42.07,77.51,84.86,48.63,87.23,7.94,62.04
573,Oats Porridge,Breakfast,Veg,294,23.66,31.93,7.96,7.06,256.43,14.32,0.65,4.15,35.54,34.0,37.28,27.48,45.97,45.74,7.87,66.75,67.07
574,Vegetable Soup,Dinner,Veg,207,22.98,4.85,10.63,14.3,230.03,13.43,6.42,1.54,34.72,30.11,14.92,56.89,9.0,58.08,57.73,82.08,25.83
575,Chapati with Curry,Lunch,Veg,163,0.0,17.2,21.97,14.25,27.24,47.3,5.25,4.48,7.88,72.76,59.67,24.1,39.78,58.35,58.41,13.77,66.32
576,Fish Curry,Dinner,Non-Veg,380,22.98,34.83,16.53,6.82,210.07,52.38,5.08,2.78,52.17,52.12,77.7,9.56,86.54,42.29,63.58,86.12,50.59
577,Paneer Curry,Dinner,Veg,268,11.98,9.39,20.28,6.36,296.3,95.15,3.85,1.88,86.22,64.17,27.58,31.05,72.05,36.73,12.85,44.03,82.06
578,Vegetable Khichdi,Dinner,Veg,218,30.55,12.7,5.0,11.33,114.35,39.02,2.44,3.19,8.49,8.67,5.56,78.45,37.96,33.05,48.44,3.62,5.24
579,Vegetable Biryani,Lunch,Veg,351,57.24,5.6,11.07,2.96,143.48,23.9,2.4,4.89,41.78,80.17,47.33,58.5,42.74,79.46,33.12,9.2,70.4
580,Curd Rice,Lunch,Veg,384,49.11,17.86,12.9,5.02,302.36,94.59,4.52,1.32,79.18,11.26,56.97,28.46,61.57,19.11,69.39,6.11,86.86
581,Chapati with Curry,Lunch,Veg,380,11.54,32.16,22.8,8.89,212.51,114.06,6.5,1.33,22.29,84.0,76.31,39.0,61.08,61.01,38.68,50.27,43.98
582,Fruit Salad,Breakfast,Veg,148,14.09,16.12,3.02,6.58,132.59,22.49,4.98,4.05,66.12,66.26,75.85,58.7,68.02,53.31,63.98,34.37,63.07
583,Curd Rice,Lunch,Veg,159,6.3,26.68,3.01,2.17,275.23,113.38,3.53,1.55,50.31,53.57,5.82,27.12,84.9,27.45,80.27,68.8,69.19
584,Vegetable Soup,Dinner,Veg,333,46.45,12.28,10.9,4.29,92.02,91.1,3.17,2.34,34.45,11.23,46.02,81.58,49.36,34.03,35.98,55.13,51.26
585,Grilled Chicken,Lunch,Non-Veg,385,65.19,23.75,3.25,4.33,158.93,22.37,4.71,4.09,42.38,64.63,22.87,45.17,73.28,60.53,82.9,36.18,14.17
586,Oats Porridge,Breakfast,Veg,445,94.53,9.41,3.25,13.92,212.41,30.4,0.93,2.52,19.9,80.02,44.38,77.09,52.17,42.52,31.99,68.63,25.89
587,Rice and Dal,Lunch,Veg,437,71.72,18.54,8.44,13.63,92.52,114.5,1.81,3.22,27.65,74.15,66.25,12.23,35.79,51.48,42.35,88.52,77.14
588,Dosa,Breakfast,Veg,208,0.0,32.4,9.21,14.58,190.4,55.13,1.5,4.61,70.91,30.06,27.24,76.26,17.1,33.84,84.36,0.16,79.15
589,Rice and Dal,Lunch,Veg,445,88.16,15.13,3.54,3.52,101.81,50.68,2.77,3.17,49.67,85.95,81.97,27.22,40.15,89.66,76.38,84.46,9.17
590,Fruit Salad,Breakfast,Veg,109,0.0,17.53,19.88,4.14,297.7,107.84,2.04,0.94,57.47,74.82,35.84,85.6,27.17,44.75,66.67,38.99,52.33
591,Idli,Breakfast,Veg,102,0.0,8.12,23.03,13.38,123.54,66.95,5.72,0.49,84.78,21.19,52.64,0.7,29.39,73.42,27.5,6.75,44.05
592,Vegetable Khichdi,Dinner,Veg,153,6.6,10.86,9.24,6.57,69.77,66.01,6.8,2.2,43.3,65.34,17.04,56.3,42.53,57.47,50.62,44.8,16.4
593,Vegetable Khichdi,Dinner,Veg,372,31.89,10.46,22.51,6.39,226.31,109.08,3.55,4.37,46.0,53.8,68.2,42.56,32.91,51.31,35.9,28.3,10.85
594,Rice and Dal,Lunch,Veg,163,0.0,24.22,21.16,11.68,77.77,104.92,3.46,0.99,61.41,54.82,88.45,27.79,66.81,16.41,6.96,33.24,26.02
595,Vegetable Khichdi,Dinner,Veg,306,37.08,8.93,13.55,4.75,306.52,23.86,7.98,4.5,86.02,9.23,26.74,72.67,5.12,53.5,80.58,11.47,49.14
596,Grilled Chicken,Lunch,Non-Veg,261,10.0,29.55,11.42,14.5,303.99,38.38,0.61,4.16,76.57,1.23,50.81,4.3,38.57,46.1,60.14,35.55,78.65
597,Vegetable Biryani,Lunch,Veg,119,0.0,28.32,4.67,10.66,98.91,88.39,4.71,3.98,48.47,52.21,51.89,19.13,84.37,55.98,10.0,26.83,47.31
598,Fruit Salad,Breakfast,Veg,108,0.0,22.7,4.14,1.67,167.43,11.65,5.94,4.17,16.49,72.35,48.08,65.03,53.84,20.08,13.72,12.4,56.24
599,Vegetable Soup,Dinner,Veg,162,4.14,17.93,8.19,9.54,326.91,56.26,6.35,0.95,76.21,1.1,13.42,43.83,78.23,37.15,53.12,42.2,13.52
600,Rice and Dal,Lunch,Veg,393,33.75,11.65,23.49,6.12,292.29,31.76,4.34,2.42,14.4,78.68,15.06,29.58,27.95,67.84,29.19,8.81,1.77
601,Paneer Curry,Dinner,Veg,144,0.0,24.92,20.61,3.08,267.8,114.0,4.91,4.26,41.26,24.68,78.46,17.57,84.88,89.23,15.88,71.43,15.54
602,Egg Omelette,Dinner,Non-Veg,262,8.69,29.09,12.32,5.91,325.71,36.9,3.22,2.54,17.36,41.96,35.06,16.62,38.05,35.07,38.68,37.51,50.79
603,Vegetable Upma,Breakfast,Veg,391,26.7,31.45,17.6,1.07,262.08,85.84,5.72,2.61,67.89,78.21,86.75,53.15,35.1,23.0,51.18,78.61,19.33
604,Oats Porridge,Breakfast,Veg,113,0.0,26.93,9.42,7.85,296.21,88.03,7.34,0.52,32.2,87.62,12.7,60.08,12.65,72.49,46.52,51.56,59.12
605,Vegetable Soup,Dinner,Veg,366,11.68,29.4,22.41,6.52,80.05,42.86,6.16,1.61,1.12,32.92,3.63,38.1,39.68,11.4,25.29,57.77,84.62
606,Oats Porridge,Breakfast,Veg,410,62.75,22.02,7.88,5.66,124.24,27.6,3.11,3.77,42.13,35.22,7.84,86.38,11.21,33.68,53.09,69.41,89.8
607,Rice and Dal,Lunch,Veg,81,0.0,15.59,14.69,14.53,141.75,110.19,5.92,2.29,68.97,42.48,46.9,35.15,20.05,2.23,50.79,15.54,66.75
608,Oats Porridge,Breakfast,Veg,164,0.0,23.84,24.62,9.41,192.19,89.09,4.21,4.98,21.96,3.21,28.85,5.11,55.1,27.19,59.16,58.08,62.56
609,Fruit Salad,Breakfast,Veg,116,0.0,34.44,11.66,14.79,170.11,51.02,6.27,1.03,75.58,12.39,69.78,66.03,59.36,88.14,87.21,65.91,63.92
610,Fruit Salad,Breakfast,Veg,99,0.0,32.38,19.07,2.93,299.9,14.39,6.08,1.02,87.91,20.74,71.89,58.18,65.55,10.29,57.97,69.66,54.17
611,Vegetable Biryani,Lunch,Veg,181,0.0,31.92,7.43,6.0,287.75,76.73,3.07,2.5,50.58,5.55,4.58,64.39,89.26,7.15,18.9,2.66,43.27
612,Fish Curry,Dinner,Non-Veg,134,0.0,34.12,1.45,11.5,154.36,115.4,5.78,4.15,89.93,13.06,28.46,82.66,26.85,65.92,84.61,45.76,21.44
613,Grilled Chicken,Lunch,Non-Veg,402,65.69,4.08,13.66,4.6,138.87,14.21,1.17,0.93,75.17,48.04,11.53,15.28,45.31,32.18,72.84,36.75,15.98
614,Oats Porridge,Breakfast,Veg,136,0.0,29.69,10.58,10.47,39.1,14.17,5.81,3.58,2.33,4.92,86.44,42.82,49.84,89.97,30.29,17.13,57.74
615,Vegetable Soup,Dinner,Veg,428,53.23,21.26,14.45,5.77,37.06,91.99,4.57,0.62,26.4,46.69,63.96,38.42,22.24,59.57,15.05,79.16,41.2
616,Curd Rice,Lunch,Veg,412,25.85,29.61,21.13,12.19,298.54,103.93,2.31,1.5,5.87,34.7,8.54,0.34,80.77,17.42,84.55,52.62,71.75
617,Chapati with Curry,Lunch,Veg,330,0.0,34.66,21.81,11.14,154.61,19.74,0.55,3.8,61.48,65.69,16.7,78.58,7.01,12.11,34.0,29.83,28.96
618,Oats Porridge,Breakfast,Veg,175,0.0,27.52,7.95,2.93,53.1,47.02,7.41,4.08,31.77,50.92,0.28,59.33,73.21,55.74,40.63,16.65,11.44
619,Vegetable Biryani,Lunch,Veg,396,47.92,16.95,15.17,6.88,87.53,88.39,5.61,1.14,82.23,16.25,20.44,3.97,43.56,75.49,44.38,4.44,10.28
620,Vegetable Khichdi,Dinner,Veg,185,0.0,20.39,24.21,13.24,48.05,62.3,1.26,1.51,75.61,35.51,49.63,70.29,89.04,59.69,3.07,80.47,55.29
621,Oats Porridge,Breakfast,Veg,167,22.74,10.1,3.96,2.9,130.58,105.05,3.05,3.2,49.12,89.09,73.29,47.42,22.66,15.45,60.71,57.38,8.0
622,Fish Curry,Dinner,Non-Veg,400,47.0,23.07,13.3,13.51,135.35,65.94,1.26,1.54,33.74,82.61,59.8,89.25,22.26,74.32,87.16,72.46,22.8
623,Vegetable Soup,Dinner,Veg,361,42.5,6.82,18.19,7.85,345.33,71.32,5.84,2.53,17.57,23.93,59.47,45.94,59.97,2.98,27.84,34.86,47.93
624,Idli,Breakfast,Veg,317,11.22,30.61,16.63,11.68,342.23,40.87,5.88,0.94,3.38,46.52,74.39,82.7,15.18,36.11,88.04,2.46,12.25
625,Rice and Dal,Lunch,Veg,337,37.67,5.63,18.2,6.14,302.73,23.7,2.31,1.78,9.1,34.45,17.69,74.88,9.46,44.47,35.89,17.77,19.99
626,Dosa,Breakfast,Veg,332,54.08,3.99,11.08,5.0,315.7,105.15,4.09,3.84,41.87,67.12,80.61,41.01,85.77,36.77,50.74,34.99,60.97
627,Vegetable Soup,Dinner,Veg,135,0.0,27.1,3.5,9.6,91.16,54.55,0.99,4.88,31.98,56.26,36.53,43.26,34.0,67.43,3.69,10.79,21.25
628,Fish Curry,Dinner,Non-Veg,362,35.3,25.34,13.27,14.12,297.65,18.54,3.63,3.46,44.12,66.79,13.36,72.64,70.21,24.13,46.24,70.83,84.16
629,Paneer Curry,Dinner,Veg,284,1.27,18.45,22.79,10.17,252.83,106.34,2.77,2.65,5.26,74.85,33.65,66.8,46.33,87.81,35.98,56.29,85.38
630,Fish Curry,Dinner,Non-Veg,395,52.17,4.62,18.65,4.23,106.36,72.79,4.01,3.12,67.67,89.29,57.41,74.35,68.24,14.36,79.79,42.79,44.48
631,Fish Curry,Dinner,Non-Veg,217,16.02,8.06,13.41,6.45,166.87,13.61,6.56,1.79,15.89,71.32,50.38,10.71,78.46,53.61,2.82,74.71,40.04
632,Oats Porridge,Breakfast,Veg,390,57.11,19.35,9.35,2.28,187.43,73.5,4.0,0.73,30.95,3.27,45.35,53.83,83.94,63.35,25.39,72.0,24.11
633,Fruit Salad,Breakfast,Veg,341,42.48,2.43,17.93,1.25,69.69,96.22,6.49,0.75,8.59,7.59,61.03,36.89,49.4,65.32,78.5,57.86,46.44
634,Vegetable Upma,Breakfast,Veg,88,0.0,11.81,20.35,9.57,71.88,64.72,2.01,4.43,34.75,88.61,8.45,3.56,32.07,12.71,59.45,42.4,60.83
635,Chapati with Curry,Lunch,Veg,445,38.77,27.05,20.19,3.41,229.43,83.89,7.98,3.05,79.5,57.12,15.19,11.03,14.3,39.71,7.81,2.47,9.51
636,Vegetable Upma,Breakfast,Veg,248,0.0,18.63,22.44,10.0,134.18,59.07,2.38,3.75,10.5,87.39,56.06,10.18,24.42,71.22,34.51,4.76,80.49
637,Rice and Dal,Lunch,Veg,228,0.0,7.48,24.78,9.82,290.22,71.67,7.76,3.72,67.31,23.24,53.26,24.7,31.21,43.85,59.55,54.83,80.54
638,Curd Rice,Lunch,Veg,388,66.46,21.38,4.07,10.46,297.23,28.13,5.12,1.81,62.78,1.22,29.16,68.34,44.38,2.14,21.03,53.38,7.08
639,Paneer Curry,Dinner,Veg,150,0.33,26.06,4.94,11.5,336.0,16.92,7.97,2.92,2.49,62.61,21.3,34.73,48.07,78.18,18.02,62.79,55.66
640,Rice and Dal,Lunch,Veg,101,0.0,30.78,10.97,4.07,303.08,13.19,5.94,4.05,31.6,88.17,54.4,22.8,59.77,26.51,11.34,61.38,4.98
641,Vegetable Soup,Dinner,Veg,178,0.0,9.93,21.7,7.62,298.76,110.79,7.68,3.66,67.91,78.86,33.24,81.93,23.43,85.29,38.34,59.19,31.16
642,Paneer Curry,Dinner,Veg,156,24.83,10.14,1.79,7.24,264.45,54.79,0.59,4.42,13.4,41.39,79.8,34.08,49.76,48.9,30.05,45.73,29.21
643,Dosa,Breakfast,Veg,300,28.62,24.06,9.92,4.6,21.49,94.64,3.73,1.68,25.26,78.68,55.18,7.81,6.65,7.46,68.77,21.51,34.45
644,Grilled Chicken,Lunch,Non-Veg,242,19.6,25.33,6.92,3.28,105.53,68.67,3.96,2.15,38.45,28.78,76.58,12.89,52.24,39.35,18.57,0.43,78.47
645,Grilled Chicken,Lunch,Non-Veg,155,0.0,18.69,19.88,9.47,49.76,77.1,6.82,3.42,3.87,79.67,51.58,12.17,28.34,27.05,25.65,85.59,66.32
646,Fish Curry,Dinner,Non-Veg,145,0.0,17.57,11.87,9.56,160.07,88.15,4.68,3.39,53.65,67.55,5.2,9.93,53.44,49.57,16.99,64.59,14.03
647,Vegetable Upma,Breakfast,Veg,368,45.28,4.04,18.97,13.13,336.02,58.16,2.47,3.35,88.13,27.89,70.09,27.13,37.21,18.18,71.72,50.62,73.89
648,Chapati with Curry,Lunch,Veg,300,28.27,4.21,18.9,5.15,322.13,103.79,3.59,4.06,19.24,57.58,43.75,64.53,33.26,15.91,10.05,3.97,39.59
649,Chapati with Curry,Lunch,Veg,228,0.0,28.62,19.87,3.48,251.94,61.51,2.03,3.8,82.23,30.27,37.35,34.94,53.07,25.25,52.69,76.57,39.49
650,Vegetable Soup,Dinner,Veg,294,11.78,26.89,15.48,3.89,329.27,15.47,5.47,3.19,9.41,62.1,28.4,64.13,38.43,30.95,61.67,73.05,39.84
651,Egg Omelette,Dinner,Non-Veg,121,0.0,4.6,15.54,7.87,132.78,95.53,5.88,3.43,45.52,4.35,29.32,47.36,88.04,34.07,7.03,89.07,80.21
652,Dosa,Breakfast,Veg,411,68.16,20.01,6.48,5.95,271.58,81.55,1.2,4.74,14.33,89.82,11.26,67.67,14.22,35.62,82.02,43.24,59.34
653,Paneer Curry,Dinner,Veg,85,0.0,17.49,24.75,7.07,28.09,92.44,2.02,3.96,17.54,6.25,48.65,84.99,71.1,3.91,86.73,36.54,18.94
654,Curd Rice,Lunch,Veg,213,17.49,13.8,9.76,7.41,138.36,98.18,2.3,4.05,34.63,79.35,77.73,33.94,53.97,28.69,42.91,32.86,16.17
655,Vegetable Upma,Breakfast,Veg,152,0.0,28.42,8.01,7.04,134.18,95.71,3.79,1.8,45.33,6.23,53.94,65.47,20.84,71.51,54.78,62.81,64.69
656,Dosa,Breakfast,Veg,410,64.7,20.07,7.88,14.64,335.31,91.24,0.66,2.68,21.68,78.65,26.02,32.12,52.51,2.88,33.22,27.01,33.95
657,Curd Rice,Lunch,Veg,349,43.56,3.28,17.96,11.39,200.32,38.87,3.22,2.69,23.12,57.52,12.2,25.8,75.42,26.09,32.5,82.71,3.7
658,Vegetable Biryani,Lunch,Veg,450,90.12,8.29,6.26,5.28,121.43,35.85,7.16,2.89,56.59,27.73,11.09,2.82,49.67,20.75,11.01,26.82,0.68
659,Paneer Curry,Dinner,Veg,126,0.0,34.51,4.41,1.04,344.33,20.36,1.01,3.43,6.38,47.6,11.14,6.85,22.85,76.89,34.63,26.87,58.5
660,Vegetable Upma,Breakfast,Veg,89,0.0,19.26,16.42,2.34,331.82,29.41,1.22,3.65,81.04,29.04,25.79,71.86,43.87,31.02,22.71,49.9,43.29
661,Idli,Breakfast,Veg,105,0.0,31.13,6.88,2.96,188.55,101.87,5.3,4.27,51.52,18.89,18.03,83.05,37.63,89.65,46.52,10.86,51.29
662,Vegetable Biryani,Lunch,Veg,185,23.2,13.02,4.46,6.95,135.89,64.11,5.88,1.8,19.84,56.77,3.54,71.7,71.47,75.34,9.65,29.65,36.17
663,Vegetable Upma,Breakfast,Veg,319,28.95,34.69,7.16,6.76,105.2,104.62,7.11,1.81,63.33,34.92,51.77,56.6,66.62,77.82,33.09,27.01,76.03
664,Vegetable Khichdi,Dinner,Veg,416,49.36,27.93,11.87,2.41,282.72,106.37,6.69,1.77,19.23,81.26,12.36,15.21,48.66,82.07,8.55,80.7,28.34
665,Chapati with Curry,Lunch,Veg,166,0.0,7.23,21.8,4.9,22.31,106.34,6.95,0.48,10.91,65.51,51.05,4.3,88.16,39.73,81.8,31.1,5.4
666,Grilled Chicken,Lunch,Non-Veg,166,11.58,2.56,12.16,10.98,293.61,65.51,2.57,4.24,8.62,40.3,66.5,5.88,48.54,47.5,11.5,72.29,35.62
667,Oats Porridge,Breakfast,Veg,440,41.58,23.65,19.9,2.4,90.01,88.32,0.85,3.82,23.94,15.36,59.04,57.17,74.57,22.74,84.57,58.41,75.24
668,Vegetable Khichdi,Dinner,Veg,111,0.0,31.38,9.83,9.34,336.74,83.51,7.69,3.84,62.83,47.75,71.99,56.91,25.99,59.54,61.84,42.57,77.88
669,Egg Omelette,Dinner,Non-Veg,235,0.0,34.65,14.59,3.32,234.38,116.8,3.19,4.35,43.04,88.94,10.84,60.73,79.55,55.74,36.38,9.81,80.11
670,Curd Rice,Lunch,Veg,293,43.98,22.59,2.97,14.74,345.37,32.96,7.53,2.16,38.03,29.76,62.01,81.27,69.72,44.17,80.42,62.69,63.3
671,Dosa,Breakfast,Veg,82,0.0,8.13,9.42,11.87,180.71,77.91,3.01,0.82,41.37,70.29,50.26,26.66,48.71,27.49,3.14,24.57,81.0
672,Dosa,Breakfast,Veg,241,18.94,3.13,16.97,1.64,228.2,12.93,3.48,4.08,5.47,2.99,87.46,35.75,79.58,23.97,45.52,30.8,88.14
673,Vegetable Khichdi,Dinner,Veg,192,0.0,23.05,16.96,11.01,128.75,107.7,2.55,4.87,11.13,21.7,45.07,23.74,7.68,77.58,61.08,89.92,50.24
674,Vegetable Soup,Dinner,Veg,358,59.9,12.68,7.52,4.64,288.5,40.34,4.97,4.73,5.29,29.89,43.32,73.55,3.51,5.97,40.23,69.96,2.83
675,Paneer Curry,Dinner,Veg,273,0.0,25.31,21.86,5.06,338.75,68.1,6.62,1.1,31.86,37.85,54.92,45.39,26.76,40.24,42.4,16.65,86.99
676,Dosa,Breakfast,Veg,224,0.0,28.34,17.74,12.61,125.1,113.22,0.83,2.02,26.05,14.58,21.71,24.69,63.9,65.66,60.24,35.47,89.83
677,Curd Rice,Lunch,Veg,356,67.3,17.38,1.92,1.56,234.45,32.15,1.29,2.18,6.41,20.08,21.39,24.31,78.71,10.66,39.92,57.63,8.23
678,Fruit Salad,Breakfast,Veg,84,0.0,31.08,1.97,14.53,189.86,28.1,7.61,2.8,7.26,59.12,72.79,7.08,27.84,1.15,43.1,87.57,32.55
679,Oats Porridge,Breakfast,Veg,136,0.0,10.86,14.67,12.94,113.53,19.51,6.83,2.01,28.02,36.97,9.1,5.97,22.25,36.62,54.74,62.16,46.64
680,Idli,Breakfast,Veg,265,24.09,12.62,13.13,11.4,84.29,47.56,7.62,1.92,8.08,80.05,86.95,80.38,13.48,70.05,76.02,46.31,32.65
681,Vegetable Biryani,Lunch,Veg,416,73.0,9.24,9.67,11.35,218.74,76.21,1.69,1.89,67.14,59.72,77.9,18.16,52.48,79.81,63.57,62.9,47.09
682,Idli,Breakfast,Veg,278,37.52,17.71,6.34,9.11,71.4,32.95,7.04,1.15,22.56,88.7,67.51,4.13,20.58,36.02,20.46,8.84,85.0
683,Chapati with Curry,Lunch,Veg,331,69.6,9.73,1.52,14.84,117.1,33.96,4.48,2.97,81.03,40.68,7.1,12.45,0.33,5.41,21.48,3.73,75.43
684,Dosa,Breakfast,Veg,160,0.0,18.59,22.69,10.76,169.01,106.42,3.36,1.8,4.23,62.76,16.42,0.59,24.68,85.4,5.97,32.91,80.22
685,Oats Porridge,Breakfast,Veg,304,2.48,31.49,18.68,9.49,281.44,70.37,0.54,4.27,77.65,58.76,86.68,73.1,25.97,68.57,64.97,65.01,58.66
686,Paneer Curry,Dinner,Veg,117,0.0,31.82,10.48,9.72,98.41,21.66,2.98,1.61,18.86,7.63,47.67,69.37,2.73,28.46,79.67,2.42,25.08
687,Idli,Breakfast,Veg,432,49.62,18.44,17.75,2.21,63.67,16.78,6.02,3.82,81.22,76.36,34.62,88.44,64.36,31.85,49.71,67.63,59.54
688,Vegetable Soup,Dinner,Veg,114,0.0,17.44,23.44,8.31,322.32,89.0,2.29,0.86,81.53,38.47,48.65,29.65,22.17,3.29,77.67,72.69,71.99
689,Egg Omelette,Dinner,Non-Veg,266,34.22,22.58,4.31,13.22,276.87,64.98,2.07,1.31,54.91,66.63,2.13,61.65,20.01,30.71,6.46,31.43,15.49
690,Dosa,Breakfast,Veg,396,37.99,26.34,15.41,9.78,270.67,34.86,1.4,1.87,67.6,32.32,65.29,12.41,41.68,32.16,74.44,73.61,1.6
691,Idli,Breakfast,Veg,380,61.65,13.44,8.85,4.94,325.06,110.28,1.0,2.7,70.64,6.08,38.21,10.68,71.59,27.02,38.1,38.65,5.15
692,Dosa,Breakfast,Veg,196,0.0,14.25,21.75,9.91,200.04,29.25,1.44,1.66,64.06,23.21,50.53,79.43,13.16,62.64,2.63,9.85,60.44
693,Egg Omelette,Dinner,Non-Veg,108,0.0,20.49,19.91,9.31,211.14,62.95,4.04,3.75,12.19,55.45,76.04,15.61,53.8,10.71,76.42,39.74,88.47
694,Vegetable Biryani,Lunch,Veg,326,64.39,8.92,3.64,10.19,247.04,74.48,3.49,0.47,75.24,54.46,70.0,85.35,34.55,2.85,5.09,80.95,14.21
695,Egg Omelette,Dinner,Non-Veg,174,0.74,3.34,17.52,5.39,124.74,100.16,5.07,3.52,62.29,63.36,21.92,28.31,7.85,73.43,32.07,47.2,13.14
696,Dosa,Breakfast,Veg,113,0.0,24.04,18.48,7.53,290.49,63.1,7.35,4.65,18.12,69.67,19.88,16.38,69.93,78.18,59.77,14.51,73.84
697,Grilled Chicken,Lunch,Non-Veg,442,53.49,10.23,20.79,13.41,104.12,30.85,1.72,4.83,43.19,82.73,32.96,85.5,37.12,48.2,2.9,68.73,13.55
698,Fish Curry,Dinner,Non-Veg,381,15.97,27.13,23.18,12.96,84.11,68.97,3.5,1.58,68.06,83.26,85.98,4.56,12.78,62.78,88.14,2.96,46.71
699,Fruit Salad,Breakfast,Veg,170,0.0,34.95,16.13,9.39,32.51,84.88,1.5,1.4,2.29,18.23,23.65,33.99,35.52,44.08,55.67,40.53,25.89
700,Vegetable Upma,Breakfast,Veg,193,0.0,29.27,14.17,4.51,249.66,16.43,2.4,2.74,30.34,2.88,22.62,69.0,36.94,15.29,36.34,76.31,84.01
701,Curd Rice,Lunch,Veg,405,62.17,10.26,12.81,7.42,116.74,30.3,1.07,2.39,23.34,86.89,86.15,54.63,26.31,62.2,64.35,9.63,65.03
702,Curd Rice,Lunch,Veg,93,0.0,3.75,19.19,6.14,303.2,18.72,1.26,2.27,89.86,79.44,79.82,41.6,88.93,27.76,41.33,69.89,52.27
703,Vegetable Soup,Dinner,Veg,233,24.48,21.89,5.28,11.42,205.35,26.34,6.95,1.57,25.08,89.12,55.71,14.09,34.75,35.01,40.3,88.61,37.19
704,Vegetable Soup,Dinner,Veg,233,1.52,13.21,19.34,13.69,117.13,69.16,3.86,0.3,61.57,1.64,78.06,29.45,0.55,20.27,88.7,14.27,41.93
705,Fish Curry,Dinner,Non-Veg,439,53.98,11.04,19.88,5.66,69.24,21.41,1.63,0.86,44.56,42.26,6.06,66.7,80.68,35.98,49.75,41.22,43.54
706,Oats Porridge,Breakfast,Veg,103,0.0,28.1,20.6,8.93,113.25,28.71,5.41,2.81,27.87,47.65,83.65,53.18,87.57,49.16,33.36,53.86,14.48
707,Fruit Salad,Breakfast,Veg,357,48.94,17.47,10.15,8.76,340.39,60.62,7.08,3.29,24.16,80.25,29.15,40.67,45.06,73.88,37.61,83.47,13.15
708,Paneer Curry,Dinner,Veg,321,9.9,18.31,23.13,11.15,211.73,110.51,5.09,1.41,23.22,82.09,70.33,64.74,13.95,38.58,5.14,64.07,80.69
709,Grilled Chicken,Lunch,Non-Veg,242,45.54,4.95,4.45,8.88,52.2,75.13,4.3,2.19,6.24,49.73,35.17,83.69,56.5,51.11,8.11,66.93,89.71
710,Paneer Curry,Dinner,Veg,364,66.9,21.6,1.11,14.1,150.15,32.56,3.96,1.49,67.43,82.11,49.0,87.08,1.31,56.16,28.24,13.2,16.04
711,Vegetable Upma,Breakfast,Veg,120,0.0,15.33,21.94,1.76,21.81,94.53,2.66,0.49,56.77,52.63,84.31,28.94,65.57,60.29,58.7,76.72,36.63
712,Chapati with Curry,Lunch,Veg,295,37.33,5.51,13.74,9.07,109.31,46.1,6.6,1.93,24.18,32.93,20.97,53.84,17.58,32.56,18.65,17.36,47.11
713,Egg Omelette,Dinner,Non-Veg,367,32.37,25.36,15.12,7.64,318.24,112.4,4.07,0.62,14.41,1.96,74.2,72.0,22.0,1.89,29.59,20.54,39.35
714,Fruit Salad,Breakfast,Veg,262,3.6,12.96,21.75,1.53,266.94,102.47,2.84,1.01,11.85,40.76,14.72,68.24,78.71,37.33,11.17,65.4,13.83
715,Vegetable Upma,Breakfast,Veg,97,0.0,31.71,15.27,3.4,64.18,77.36,5.82,3.52,36.53,70.26,56.74,66.1,77.94,18.6,52.43,29.98,83.56
716,Vegetable Biryani,Lunch,Veg,376,23.96,23.35,20.75,8.66,215.55,56.2,4.38,2.72,6.45,72.34,6.2,50.85,58.23,18.68,43.45,72.07,72.47
717,Vegetable Biryani,Lunch,Veg,393,32.7,34.12,13.97,9.06,278.26,98.87,4.52,0.81,28.24,22.48,56.36,53.39,50.72,70.14,89.87,17.56,25.61
718,Paneer Curry,Dinner,Veg,144,20.89,7.08,3.57,13.96,270.32,74.0,0.8,2.52,29.59,35.94,15.69,50.49,7.31,86.66,71.89,53.08,35.45
719,Oats Porridge,Breakfast,Veg,84,0.0,33.33,23.99,1.82,101.6,48.33,3.65,1.48,56.92,51.67,33.83,64.85,82.75,6.79,10.03,35.95,36.27
720,Vegetable Khichdi,Dinner,Veg,225,0.0,19.96,17.06,7.09,69.42,19.42,2.52,1.77,2.49,22.37,43.27,53.07,69.76,17.65,5.4,42.36,48.08
721,Vegetable Biryani,Lunch,Veg,187,0.0,33.47,12.55,14.96,100.44,113.61,2.06,3.61,71.86,34.4,84.91,33.54,48.04,28.59,75.97,2.85,14.23
722,Egg Omelette,Dinner,Non-Veg,170,0.0,31.72,15.07,8.52,84.42,90.47,0.93,1.27,82.56,16.4,54.99,1.37,20.83,40.56,48.61,9.44,78.58
723,Fruit Salad,Breakfast,Veg,185,4.67,25.06,7.34,9.41,118.67,119.65,1.58,1.31,37.68,13.21,17.26,31.57,11.53,61.73,25.28,33.28,9.42
724,Egg Omelette,Dinner,Non-Veg,329,22.65,26.57,14.68,9.6,50.66,113.6,4.68,4.57,65.82,2.58,12.4,32.74,5.82,68.79,72.85,29.75,42.61
725,Chapati with Curry,Lunch,Veg,312,6.76,25.14,20.49,3.37,141.68,24.58,7.48,4.03,10.65,70.4,59.23,73.2,52.26,9.63,49.0,87.89,28.19
726,Rice and Dal,Lunch,Veg,402,81.51,7.58,5.07,10.01,147.04,107.71,5.17,3.25,25.14,6.13,54.23,36.17,68.04,85.42,62.16,43.86,36.88
727,Egg Omelette,Dinner,Non-Veg,373,64.64,11.78,7.48,2.59,102.81,39.57,2.81,0.79,1.05,87.57,15.37,31.26,51.89,31.86,53.64,87.43,55.58
728,Rice and Dal,Lunch,Veg,428,57.84,9.25,17.74,10.52,28.3,10.24,4.88,2.3,59.39,12.41,46.23,87.94,18.81,68.71,55.49,28.66,70.0
729,Dosa,Breakfast,Veg,252,13.83,16.68,14.44,2.07,309.25,119.61,1.78,4.1,7.55,78.99,34.5,54.68,77.37,65.34,52.28,3.88,78.15
730,Egg Omelette,Dinner,Non-Veg,195,0.0,26.47,12.72,14.42,170.08,17.16,4.79,0.7,72.53,15.23,27.36,22.05,18.77,25.93,54.68,63.79,12.69
731,Egg Omelette,Dinner,Non-Veg,175,1.09,34.24,3.74,10.34,116.14,90.2,5.87,4.91,32.91,44.6,23.32,25.68,59.15,45.32,77.06,18.16,57.36
732,Fruit Salad,Breakfast,Veg,88,0.0,6.54,13.78,5.85,126.49,110.84,2.68,3.94,17.67,85.18,53.29,30.99,15.07,67.26,49.37,45.02,38.2
733,Curd Rice,Lunch,Veg,357,46.69,24.99,7.81,8.89,167.59,56.85,6.39,2.59,44.9,20.12,12.38,62.84,60.53,27.88,82.05,11.11,57.73
734,Vegetable Khichdi,Dinner,Veg,347,27.94,16.89,18.63,7.31,337.24,18.39,4.66,3.35,56.85,34.99,21.82,37.45,21.9,28.55,3.19,5.05,46.28
735,Fruit Salad,Breakfast,Veg,139,0.0,29.65,24.99,7.45,295.07,77.26,3.29,1.34,31.66,48.0,43.18,55.41,66.15,2.74,9.46,45.53,74.02
736,Chapati with Curry,Lunch,Veg,219,45.56,2.89,2.8,6.0,126.45,89.25,5.3,4.52,30.93,28.45,5.96,55.57,69.93,2.59,30.19,19.54,24.47
737,Curd Rice,Lunch,Veg,361,42.31,22.85,11.15,14.3,103.02,68.01,6.82,4.11,20.77,76.19,15.13,9.64,83.3,44.66,73.73,25.48,82.19
738,Vegetable Khichdi,Dinner,Veg,437,94.85,6.64,3.45,13.1,244.63,58.18,6.11,4.85,30.57,6.81,0.34,10.64,86.09,11.54,68.77,25.44,77.91
739,Grilled Chicken,Lunch,Non-Veg,231,7.1,17.98,14.52,11.33,194.52,24.58,6.56,3.72,60.42,46.19,67.3,54.39,40.39,31.29,54.35,18.69,81.34
740,Curd Rice,Lunch,Veg,432,50.72,33.12,10.74,9.93,310.48,30.57,2.81,1.81,17.79,5.47,48.38,2.4,37.53,32.93,75.74,66.56,6.79
741,Vegetable Khichdi,Dinner,Veg,126,9.22,4.46,7.92,11.68,313.66,41.91,4.72,4.02,4.5,87.7,67.11,81.0,56.45,82.41,75.03,36.06,36.71
742,Vegetable Upma,Breakfast,Veg,144,0.0,22.59,16.96,13.0,88.03,90.97,3.89,0.98,5.88,80.75,59.96,77.0,14.67,72.17,8.2,60.42,89.48
743,Vegetable Biryani,Lunch,Veg,420,58.89,15.62,13.55,13.28,173.48,115.45,0.72,4.0,39.51,35.96,78.06,6.13,77.75,77.29,25.2,11.32,68.39
744,Idli,Breakfast,Veg,322,5.83,32.75,18.63,13.12,155.28,88.27,5.12,0.68,85.32,35.67,45.6,56.26,10.91,10.77,29.99,15.04,70.45
745,Paneer Curry,Dinner,Veg,133,23.33,6.07,1.71,10.88,52.2,119.04,1.35,0.41,29.29,17.43,58.15,35.53,0.96,36.2,28.44,88.46,5.87
746,Vegetable Biryani,Lunch,Veg,129,9.44,10.44,5.5,14.94,341.13,58.26,4.63,0.51,63.46,86.37,27.57,22.91,22.37,13.81,2.83,62.81,18.13
747,Fruit Salad,Breakfast,Veg,144,5.31,18.65,5.35,4.52,127.42,33.86,1.03,4.9,80.78,62.83,86.95,73.87,51.32,19.07,84.5,88.78,89.6
748,Egg Omelette,Dinner,Non-Veg,167,1.51,23.52,7.43,10.13,245.62,80.63,2.19,2.91,6.73,29.36,84.71,12.04,15.64,37.08,21.55,45.75,51.55
749,Curd Rice,Lunch,Veg,187,23.47,14.44,3.93,13.76,58.34,34.05,3.0,1.97,23.11,80.04,75.75,31.23,10.86,21.4,66.56,83.4,25.62
750,Paneer Curry,Dinner,Veg,280,4.91,26.91,16.97,7.85,188.68,81.21,2.29,0.34,61.97,80.08,57.07,3.08,14.55,76.26,66.82,79.85,84.1
751,Vegetable Upma,Breakfast,Veg,448,52.42,25.42,15.18,9.26,199.86,90.75,3.68,1.4,16.55,18.95,45.93,56.42,62.72,81.44,84.16,85.97,26.0
752,Vegetable Biryani,Lunch,Veg,152,0.0,11.63,13.79,11.45,136.48,115.91,5.46,4.74,32.02,48.9,7.08,29.1,35.84,44.6,86.88,49.89,72.05
753,Grilled Chicken,Lunch,Non-Veg,367,78.47,5.38,3.51,10.87,100.2,104.25,4.99,3.35,57.46,13.26,82.62,88.51,47.48,61.94,15.86,81.61,63.67
754,Rice and Dal,Lunch,Veg,386,21.5,25.9,21.82,7.8,102.02,54.67,6.21,3.44,66.15,57.02,81.09,45.6,21.13,82.89,11.3,78.46,22.96
755,Curd Rice,Lunch,Veg,387,62.04,14.73,8.88,9.89,113.34,37.31,3.12,2.95,53.76,66.8,76.65,59.72,87.26,23.81,60.5,22.6,6.03
756,Dosa,Breakfast,Veg,270,16.96,6.96,19.37,7.41,107.51,38.01,3.2,0.83,14.73,37.13,16.02,33.2,58.65,38.16,66.71,10.5,61.31
757,Fruit Salad,Breakfast,Veg,345,25.9,22.39,16.87,7.2,344.45,15.96,2.33,1.93,26.39,88.27,25.87,30.25,45.05,73.51,83.44,86.03,34.81
758,Vegetable Soup,Dinner,Veg,209,31.31,18.19,1.22,11.24,78.16,98.53,3.95,1.0,21.41,3.55,18.78,30.48,38.5,55.84,54.1,64.05,67.73
759,Egg Omelette,Dinner,Non-Veg,287,0.0,20.9,23.37,14.32,50.5,97.25,1.55,1.35,54.35,22.41,78.96,53.96,8.51,3.26,19.22,85.06,30.95
760,Vegetable Upma,Breakfast,Veg,107,0.0,4.46,20.8,6.79,210.09,89.81,2.78,4.65,41.62,29.25,2.96,56.62,15.7,36.74,14.68,24.51,27.85
761,Vegetable Upma,Breakfast,Veg,446,31.23,30.57,22.09,7.66,64.59,42.09,1.11,0.85,74.53,60.21,82.62,65.5,23.3,57.16,75.87,6.21,35.65
762,Vegetable Soup,Dinner,Veg,372,73.9,13.07,2.68,12.33,255.19,10.08,5.32,1.56,30.35,74.82,19.36,28.27,20.51,14.03,21.99,56.13,55.45
763,Vegetable Khichdi,Dinner,Veg,246,14.27,9.52,16.76,2.65,249.51,22.25,5.41,1.44,19.85,11.53,18.47,23.68,0.83,83.47,70.21,6.75,19.29
764,Egg Omelette,Dinner,Non-Veg,328,50.01,16.78,6.76,12.38,125.06,118.52,2.76,4.52,66.43,83.28,46.86,16.23,77.18,53.15,34.93,59.23,69.56
765,Fruit Salad,Breakfast,Veg,373,33.79,16.91,18.91,8.45,195.69,114.72,5.97,4.52,24.4,16.5,61.13,11.0,47.58,73.32,5.7,71.74,6.7
766,Vegetable Khichdi,Dinner,Veg,426,45.87,17.14,19.33,12.35,109.15,94.41,4.27,4.77,50.63,44.33,23.7,84.81,83.88,81.92,14.59,51.86,73.03
767,Grilled Chicken,Lunch,Non-Veg,246,8.56,27.42,11.34,10.14,57.51,101.08,2.59,1.03,44.14,45.6,5.23,35.89,72.45,37.61,5.88,7.59,4.8
768,Oats Porridge,Breakfast,Veg,120,0.0,22.97,6.87,7.36,155.11,59.5,6.79,3.61,62.35,76.24,47.12,57.15,62.31,69.49,71.93,58.62,71.11
769,Grilled Chicken,Lunch,Non-Veg,143,0.0,28.68,16.91,4.63,192.03,51.45,7.6,2.29,23.24,73.8,86.93,79.69,58.87,34.96,78.53,9.04,61.4
770,Chapati with Curry,Lunch,Veg,104,0.0,14.59,24.92,4.08,300.31,95.57,4.73,4.17,85.53,51.94,22.68,0.7,49.68,25.46,55.78,88.45,16.25
771,Vegetable Upma,Breakfast,Veg,180,2.29,21.54,9.41,1.86,148.9,96.86,3.86,2.37,84.3,61.32,23.39,41.02,41.55,59.9,20.69,40.95,18.44
772,Paneer Curry,Dinner,Veg,230,2.44,12.45,18.94,4.83,202.35,65.1,0.93,3.63,46.6,52.16,65.48,83.39,64.08,15.52,3.34,63.68,8.45
773,Idli,Breakfast,Veg,293,57.86,11.9,1.55,11.93,43.24,84.15,1.39,0.45,80.91,35.66,49.54,64.83,53.64,29.08,54.21,72.55,85.36
774,Paneer Curry,Dinner,Veg,118,0.0,20.42,24.32,7.38,89.39,94.21,7.75,2.94,71.89,55.72,0.27,14.04,31.47,9.68,80.24,43.09,47.88
775,Paneer Curry,Dinner,Veg,182,9.05,18.63,7.92,14.2,132.84,100.96,4.52,4.27,42.21,68.64,15.25,35.28,1.89,41.9,40.35,34.02,43.2
776,Curd Rice,Lunch,Veg,402,51.95,2.34,20.54,10.7,289.12,49.9,4.07,3.41,7.07,53.97,2.68,32.17,56.85,20.79,70.29,52.06,85.94
777,Curd Rice,Lunch,Veg,320,6.35,26.35,21.02,3.18,245.85,95.77,7.91,3.94,24.14,8.97,22.51,89.68,1.13,0.89,22.07,6.68,36.48
778,Fruit Salad,Breakfast,Veg,425,97.31,2.71,2.77,14.72,23.7,111.63,1.55,1.5,50.07,83.26,19.75,32.45,67.9,2.59,53.63,54.73,43.6
779,Idli,Breakfast,Veg,223,4.82,23.75,12.08,4.89,292.53,55.81,6.47,1.53,53.36,7.88,61.07,9.04,84.55,21.07,17.98,5.09,55.26
780,Grilled Chicken,Lunch,Non-Veg,254,0.0,33.09,24.51,10.1,155.3,102.06,2.53,1.75,41.46,0.65,53.67,71.4,30.68,88.01,49.39,29.24,82.45
781,Vegetable Khichdi,Dinner,Veg,277,26.89,21.77,9.15,5.62,52.68,104.5,7.86,2.64,21.82,70.95,54.75,84.65,85.39,29.75,57.26,74.69,14.48
782,Fruit Salad,Breakfast,Veg,89,0.0,14.05,15.18,12.43,213.12,26.65,3.05,3.54,87.22,29.81,30.47,56.18,41.03,15.17,85.06,5.46,30.56
783,Fruit Salad,Breakfast,Veg,244,7.9,17.55,15.8,13.76,116.93,48.01,6.91,4.32,47.4,52.15,62.0,32.55,20.44,77.42,84.15,68.71,59.84
784,Vegetable Upma,Breakfast,Veg,239,21.69,3.39,15.41,8.18,325.55,25.32,7.43,4.07,32.87,59.28,58.72,0.79,16.64,63.16,77.95,16.44,81.19
785,Fish Curry,Dinner,Non-Veg,257,48.03,7.92,3.69,3.65,159.53,76.08,3.48,2.49,73.89,77.55,18.75,62.66,73.0,9.86,75.65,60.8,76.18
786,Egg Omelette,Dinner,Non-Veg,374,30.73,23.1,17.63,3.37,79.9,103.76,4.26,4.58,81.6,34.46,54.83,67.47,85.02,31.53,16.0,27.29,36.82
787,Grilled Chicken,Lunch,Non-Veg,147,0.0,32.31,18.22,7.33,298.69,54.64,1.63,2.1,10.8,6.05,50.3,57.74,62.38,30.88,27.93,79.08,87.53
788,Oats Porridge,Breakfast,Veg,153,0.0,3.15,20.54,4.06,155.65,25.25,5.72,1.39,68.92,61.15,3.82,66.39,23.35,60.19,59.65,73.88,0.25
789,Grilled Chicken,Lunch,Non-Veg,208,0.0,24.66,15.35,8.53,330.21,65.66,3.89,3.24,52.44,52.86,46.4,78.21,3.49,38.77,76.84,64.89,27.92
790,Fruit Salad,Breakfast,Veg,326,13.98,18.6,21.74,2.07,177.8,113.07,0.94,4.31,51.36,12.14,15.47,39.04,52.21,34.99,84.38,84.0,89.49
791,Rice and Dal,Lunch,Veg,90,0.0,11.22,9.12,2.98,209.53,35.37,6.0,0.4,20.31,47.16,48.3,1.83,77.66,33.33,43.93,69.44,71.23
792,Fish Curry,Dinner,Non-Veg,348,74.52,7.44,2.24,4.48,282.36,89.03,1.4,1.66,59.62,30.14,11.9,34.44,12.34,12.96,48.04,40.44,66.65
793,Dosa,Breakfast,Veg,254,2.55,8.8,23.18,5.95,259.67,113.36,7.48,0.4,89.07,35.26,9.94,71.24,19.19,65.73,72.57,21.56,59.67
794,Chapati with Curry,Lunch,Veg,400,66.77,4.21,12.9,8.22,120.54,67.94,7.97,3.48,59.11,34.36,5.6,35.2,82.39,21.5,22.01,7.55,15.9
795,Paneer Curry,Dinner,Veg,295,33.88,31.73,3.62,11.5,287.94,109.75,2.89,4.84,31.49,38.62,16.51,17.35,9.21,6.57,45.57,45.2,10.72
796,Rice and Dal,Lunch,Veg,181,6.38,4.22,15.4,5.52,263.07,53.42,0.65,2.38,61.07,80.54,17.04,13.04,83.56,9.76,24.24,12.68,39.94
797,Idli,Breakfast,Veg,114,0.0,26.45,13.51,13.25,193.66,87.87,5.28,1.02,88.45,79.91,65.44,23.91,44.29,71.82,89.23,14.87,55.92
798,Vegetable Upma,Breakfast,Veg,279,0.0,33.82,17.22,2.1,323.99,30.06,4.75,4.27,63.99,32.13,48.04,26.61,40.67,64.94,17.8,44.76,64.22
799,Fish Curry,Dinner,Non-Veg,392,66.93,24.79,2.79,11.66,160.17,113.24,1.0,2.26,53.02,21.31,4.89,58.91,13.14,60.28,50.11,3.13,58.46
800,Vegetable Khichdi,Dinner,Veg,427,51.35,31.1,10.8,8.96,47.76,94.95,2.34,3.5,36.23,39.82,75.93,7.25,81.02,9.0,32.4,70.71,67.15
801,Vegetable Khichdi,Dinner,Veg,135,0.0,20.44,11.22,12.85,149.45,108.72,3.14,1.13,77.29,29.58,30.48,34.01,68.84,5.34,44.89,24.64,38.12
802,Oats Porridge,Breakfast,Veg,212,33.02,9.34,4.73,1.68,336.82,64.71,7.04,2.72,17.32,86.22,80.94,54.64,75.42,25.11,59.83,47.71,14.89
803,Paneer Curry,Dinner,Veg,140,0.0,10.21,20.27,8.13,88.17,23.45,1.91,2.08,75.4,77.43,33.33,47.27,23.08,42.01,44.99,30.45,30.7
804,Curd Rice,Lunch,Veg,356,18.94,20.52,22.02,13.2,254.41,117.06,5.07,3.73,37.01,25.71,59.73,46.71,1.07,77.18,65.18,52.08,21.05
805,Dosa,Breakfast,Veg,156,4.94,26.61,3.31,9.73,28.75,54.33,2.38,4.31,36.15,25.53,81.81,1.31,58.13,31.78,56.27,72.14,62.7
806,Egg Omelette,Dinner,Non-Veg,390,78.12,9.82,4.25,12.13,37.93,46.81,5.41,3.99,76.33,14.38,55.8,57.69,61.45,0.28,1.28,9.12,26.04
807,Dosa,Breakfast,Veg,445,33.49,29.63,21.39,10.03,36.47,118.1,3.92,4.37,21.4,73.01,8.97,51.48,34.96,1.96,43.68,56.16,74.2
808,Grilled Chicken,Lunch,Non-Veg,80,0.0,28.31,21.15,4.23,84.52,82.6,3.28,0.95,38.99,26.34,41.63,33.87,34.01,61.41,27.76,65.91,85.43
809,Curd Rice,Lunch,Veg,426,90.24,2.04,6.32,7.58,30.03,19.63,3.72,1.2,50.04,54.14,0.64,33.66,10.39,5.59,75.4,39.23,34.88
810,Vegetable Soup,Dinner,Veg,143,0.0,25.27,6.4,5.4,240.35,108.95,3.4,2.11,47.22,42.88,77.1,24.14,68.61,88.78,67.0,51.2,49.59
811,Vegetable Soup,Dinner,Veg,249,0.0,34.93,20.24,9.3,50.06,105.9,5.88,4.5,53.71,49.67,85.86,13.05,46.6,77.97,70.62,80.62,77.51
812,Vegetable Soup,Dinner,Veg,174,0.0,10.73,23.76,3.43,285.24,13.95,4.74,3.45,73.32,69.57,4.34,20.82,65.44,69.04,33.44,44.09,77.02
813,Grilled Chicken,Lunch,Non-Veg,363,75.51,11.64,1.6,8.82,234.4,77.3,4.03,0.33,24.18,17.67,54.49,15.63,53.18,9.26,6.99,87.76,13.7
814,Grilled Chicken,Lunch,Non-Veg,92,0.0,29.69,22.13,9.52,266.98,12.84,7.39,3.58,51.6,52.81,22.06,18.45,43.11,31.16,26.62,61.74,36.94
815,Dosa,Breakfast,Veg,215,21.12,25.2,3.3,14.88,90.94,113.83,1.4,4.86,55.74,8.76,17.89,5.46,73.13,8.17,67.44,85.44,45.19
816,Vegetable Biryani,Lunch,Veg,293,9.62,34.87,12.78,8.72,267.19,58.8,7.66,1.72,75.15,8.71,74.11,13.0,24.18,53.3,33.15,50.84,77.59
817,Chapati with Curry,Lunch,Veg,241,28.46,18.29,6.0,10.16,218.19,78.65,1.1,3.6,33.39,16.04,85.73,69.39,53.26,43.92,0.23,55.06,54.68
818,Oats Porridge,Breakfast,Veg,185,0.0,14.39,24.04,7.12,134.8,118.8,1.51,1.91,21.34,35.44,74.65,52.95,42.94,25.48,16.01,85.34,25.28
819,Vegetable Khichdi,Dinner,Veg,259,21.36,33.35,4.46,8.9,63.76,39.52,0.72,3.7,87.16,18.85,12.94,44.86,81.16,0.82,71.87,73.78,18.47
820,Fruit Salad,Breakfast,Veg,289,26.24,12.71,14.8,3.13,309.85,22.08,3.8,0.51,38.09,61.41,85.95,59.48,89.24,55.79,20.79,27.46,68.21
821,Dosa,Breakfast,Veg,158,0.0,17.07,12.84,12.88,189.35,72.85,7.72,1.81,37.05,63.15,37.14,0.64,41.35,45.75,44.5,8.84,25.52
822,Vegetable Soup,Dinner,Veg,107,0.0,11.89,17.7,7.5,200.96,48.73,3.35,0.81,62.45,18.06,76.93,40.17,1.55,13.6,70.18,65.11,41.4
823,Fruit Salad,Breakfast,Veg,363,71.19,16.21,1.49,4.36,84.01,31.08,1.63,2.9,59.51,40.19,54.47,81.99,40.89,48.45,26.73,58.09,70.21
824,Vegetable Upma,Breakfast,Veg,428,66.8,26.93,5.9,12.51,171.49,113.42,4.67,0.64,28.45,34.15,18.07,78.57,42.54,39.83,77.7,62.17,55.56
825,Vegetable Upma,Breakfast,Veg,135,0.0,12.77,11.19,9.73,339.22,103.92,4.41,4.7,56.79,72.47,26.05,88.14,11.43,72.36,28.05,85.03,80.75
826,Chapati with Curry,Lunch,Veg,318,29.94,30.84,8.32,12.07,133.95,97.79,6.55,2.08,56.15,62.48,57.59,55.18,55.41,22.57,35.03,62.68,47.23
827,Vegetable Biryani,Lunch,Veg,186,0.0,24.24,14.95,14.81,324.89,116.59,6.22,3.44,71.63,27.43,3.89,84.05,37.2,86.48,62.52,36.69,11.23
828,Chapati with Curry,Lunch,Veg,236,40.23,5.65,5.83,4.63,25.72,103.94,3.53,2.77,21.68,29.7,13.81,21.25,88.27,44.15,5.75,29.35,1.91
829,Paneer Curry,Dinner,Veg,436,25.82,29.11,24.03,1.32,281.06,56.61,6.8,4.93,69.93,56.57,44.76,49.71,55.38,24.27,3.2,24.28,32.66
830,Grilled Chicken,Lunch,Non-Veg,293,37.33,18.53,7.73,10.37,23.53,93.98,1.09,0.6,49.54,44.31,0.7,39.41,35.31,14.62,5.2,62.12,64.87
831,Fruit Salad,Breakfast,Veg,259,21.4,32.75,4.71,8.16,287.87,51.74,5.49,4.16,32.54,61.91,84.04,82.3,81.58,20.96,10.0,85.11,52.11
832,Idli,Breakfast,Veg,391,63.11,12.93,9.65,12.94,325.14,91.63,0.71,1.43,70.2,54.63,45.86,32.33,41.35,15.82,35.31,51.8,30.01
833,Grilled Chicken,Lunch,Non-Veg,367,23.27,23.66,19.92,11.35,121.34,83.52,1.55,2.77,76.68,34.67,51.33,82.54,8.16,22.65,1.3,49.84,24.38
834,Chapati with Curry,Lunch,Veg,316,45.3,13.11,9.15,1.03,146.79,29.06,5.32,4.7,31.08,47.01,84.52,19.68,45.42,20.9,75.97,73.76,45.46
835,Fish Curry,Dinner,Non-Veg,190,0.0,28.82,8.37,12.94,66.64,29.13,2.32,1.42,56.07,2.02,86.78,7.77,10.98,11.01,85.57,46.81,58.21
836,Vegetable Upma,Breakfast,Veg,320,48.61,18.88,5.56,5.06,97.15,86.26,3.11,2.26,51.86,13.68,11.27,0.74,67.54,6.87,27.65,8.18,27.17
837,Idli,Breakfast,Veg,440,37.87,30.71,18.41,4.9,233.66,29.62,6.34,1.88,88.61,57.22,43.21,26.41,49.37,46.13,28.43,2.0,57.16
838,Grilled Chicken,Lunch,Non-Veg,314,9.82,34.19,15.33,9.99,55.31,12.36,3.65,3.07,61.87,67.11,45.9,29.19,26.41,31.99,86.96,6.71,82.6
839,Fish Curry,Dinner,Non-Veg,116,0.0,15.01,18.55,5.04,193.78,29.89,0.51,3.61,22.41,61.86,86.46,28.97,67.5,74.69,31.93,62.45,4.83
840,Paneer Curry,Dinner,Veg,174,0.0,25.37,12.45,7.42,97.12,76.45,1.25,2.55,16.03,2.6,85.04,63.61,15.65,42.93,81.78,36.38,30.41
841,Grilled Chicken,Lunch,Non-Veg,87,0.0,24.98,5.78,14.81,90.2,94.93,3.5,3.9,63.35,12.13,15.61,36.82,79.29,0.11,37.04,33.15,84.55
842,Idli,Breakfast,Veg,408,69.27,6.65,11.59,5.62,139.62,85.52,1.66,4.65,44.89,86.0,56.65,13.28,58.98,4.74,57.22,29.38,25.97
843,Vegetable Upma,Breakfast,Veg,105,0.0,33.93,15.12,8.78,332.08,89.07,2.72,1.16,85.2,9.79,46.91,17.71,24.65,35.17,49.05,56.85,41.64
844,Vegetable Soup,Dinner,Veg,156,3.66,20.76,6.48,13.74,129.7,67.06,4.43,4.47,6.37,31.74,31.76,52.88,28.25,44.23,60.28,87.53,1.13
845,Idli,Breakfast,Veg,310,0.0,31.43,20.59,4.56,243.1,35.58,5.23,2.24,23.14,18.07,16.34,79.37,88.16,84.62,50.98,23.28,52.99
846,Vegetable Khichdi,Dinner,Veg,213,0.0,14.59,20.54,1.8,297.43,79.75,3.3,3.28,29.31,4.32,60.28,53.32,23.87,14.05,44.67,60.74,26.46
847,Curd Rice,Lunch,Veg,190,0.0,14.3,23.69,6.48,309.01,43.42,5.36,0.6,41.5,25.33,3.91,76.17,61.22,66.86,4.98,28.22,60.21
848,Fruit Salad,Breakfast,Veg,134,0.0,26.22,3.53,3.74,320.51,87.04,5.18,1.36,52.82,82.69,80.51,35.43,35.45,71.64,65.72,29.2,8.63
849,Curd Rice,Lunch,Veg,401,51.12,23.28,11.49,3.1,232.88,73.38,3.73,4.54,73.5,48.99,59.15,24.1,3.75,63.45,27.17,15.56,37.77
850,Oats Porridge,Breakfast,Veg,303,24.74,12.29,17.21,10.86,208.63,30.63,5.77,4.86,60.88,3.83,38.67,29.75,40.29,50.96,65.52,8.9,69.28
851,Idli,Breakfast,Veg,187,0.0,30.32,8.92,13.51,334.69,99.27,3.63,0.72,11.1,29.22,82.43,89.39,65.0,59.16,51.19,72.81,72.21
852,Egg Omelette,Dinner,Non-Veg,296,15.42,7.53,22.69,8.59,48.02,32.89,2.57,1.95,43.7,16.82,23.29,85.23,81.39,49.12,34.07,1.16,84.75
853,Rice and Dal,Lunch,Veg,396,23.95,31.71,19.26,13.75,68.48,101.86,5.01,3.56,65.28,6.01,29.68,39.2,78.93,38.76,58.29,26.7,54.67
854,Vegetable Biryani,Lunch,Veg,148,0.0,30.95,8.06,13.63,287.36,97.44,7.75,1.57,77.1,42.75,25.82,62.43,51.49,3.78,25.65,81.9,36.58
855,Fruit Salad,Breakfast,Veg,351,46.72,19.59,9.53,9.57,338.56,115.92,4.0,0.76,5.72,23.1,65.6,26.29,50.44,54.25,18.34,32.93,55.94
856,Oats Porridge,Breakfast,Veg,179,0.0,18.3,21.54,11.38,130.9,42.22,4.43,3.96,27.67,80.2,45.65,58.55,46.34,6.94,43.74,29.18,31.68
857,Idli,Breakfast,Veg,264,19.92,21.19,11.06,11.94,153.5,58.69,6.17,0.96,37.92,88.92,86.66,88.93,16.61,53.12,16.65,66.9,52.02
858,Grilled Chicken,Lunch,Non-Veg,104,0.0,33.86,4.7,10.18,76.2,110.35,1.54,1.2,15.4,56.9,5.09,18.44,61.38,39.49,52.47,30.95,66.66
859,Grilled Chicken,Lunch,Non-Veg,281,32.34,22.12,7.02,12.83,33.37,28.7,0.84,3.93,74.76,49.19,4.19,17.69,50.41,61.8,67.98,27.04,83.36
860,Paneer Curry,Dinner,Veg,334,47.82,19.3,7.28,3.27,112.62,82.68,6.88,3.79,62.3,48.72,68.72,23.45,88.97,42.58,49.08,6.65,3.72
861,Rice and Dal,Lunch,Veg,85,0.0,24.91,11.86,8.93,58.27,51.53,4.56,3.21,20.74,23.56,36.14,11.63,20.71,50.77,46.76,80.45,57.98
862,Oats Porridge,Breakfast,Veg,324,26.82,17.62,16.25,10.95,41.97,79.39,2.57,2.6,31.19,65.36,72.09,28.4,76.27,76.26,2.42,41.04,13.85
863,Vegetable Upma,Breakfast,Veg,181,2.42,31.22,5.16,2.3,42.46,31.99,4.65,2.71,45.58,4.77,3.61,77.17,54.08,6.23,5.32,4.02,23.78
864,Vegetable Biryani,Lunch,Veg,383,45.12,6.76,19.5,11.41,153.48,116.53,7.5,0.91,48.68,26.94,82.38,21.11,6.47,31.77,72.58,79.63,53.86
865,Rice and Dal,Lunch,Veg,286,0.0,31.85,19.4,5.32,343.87,63.58,7.13,3.41,2.54,78.38,54.78,5.45,31.57,84.9,11.62,0.18,41.84
866,Vegetable Upma,Breakfast,Veg,290,14.26,19.61,17.17,1.85,335.8,49.63,6.82,4.02,49.31,12.97,52.68,61.59,18.69,86.7,25.42,22.06,80.66
867,Vegetable Khichdi,Dinner,Veg,183,27.76,8.9,4.04,13.7,329.91,51.86,7.46,0.93,22.94,53.55,41.55,50.64,5.74,38.67,59.98,44.38,19.11
868,Vegetable Biryani,Lunch,Veg,232,9.94,4.07,19.55,12.5,280.93,115.11,4.44,1.81,54.55,31.94,3.43,27.5,82.33,1.7,40.22,47.02,71.31
869,Idli,Breakfast,Veg,390,43.79,32.31,9.51,6.33,119.9,66.16,5.62,2.15,51.86,73.98,34.49,57.15,76.13,51.57,49.34,73.75,77.95
870,Fruit Salad,Breakfast,Veg,226,0.0,27.08,23.55,3.09,125.29,107.12,1.51,3.36,15.39,60.54,41.86,82.38,9.35,52.84,5.71,52.25,47.48
871,Oats Porridge,Breakfast,Veg,272,34.52,24.39,4.04,11.69,49.75,47.45,4.12,4.54,2.88,66.23,71.82,88.69,55.32,72.47,77.13,65.69,43.49
872,Fish Curry,Dinner,Non-Veg,228,11.19,9.18,16.28,10.86,53.82,95.94,7.69,4.83,45.26,30.14,27.1,10.65,84.59,67.74,7.58,89.73,10.49
873,Dosa,Breakfast,Veg,198,10.65,16.42,9.97,4.48,209.79,110.54,5.59,2.31,28.17,54.05,12.87,8.56,13.95,9.57,18.15,47.39,81.11
874,Vegetable Upma,Breakfast,Veg,231,17.52,3.49,16.33,3.95,69.44,77.6,7.32,1.5,14.86,86.34,11.38,63.8,42.78,40.4,32.79,31.41,59.15
875,Grilled Chicken,Lunch,Non-Veg,166,0.0,23.14,13.55,13.59,301.3,64.43,0.96,1.15,35.31,52.85,74.44,54.58,89.83,68.47,78.63,69.98,17.78
876,Egg Omelette,Dinner,Non-Veg,175,0.0,20.7,21.33,11.24,209.46,110.08,3.13,3.51,58.22,26.23,12.86,53.29,46.74,83.56,40.8,83.9,85.8
877,Curd Rice,Lunch,Veg,335,45.36,14.85,10.46,10.98,44.06,15.94,4.11,2.29,53.3,16.99,15.34,74.3,67.83,72.17,31.0,42.5,64.84
878,Vegetable Soup,Dinner,Veg,303,8.03,21.46,20.56,2.81,172.5,111.6,7.93,0.87,18.35,0.36,68.14,12.88,15.05,22.58,36.62,31.33,18.87
879,Vegetable Soup,Dinner,Veg,195,0.0,6.74,22.39,5.27,139.97,102.73,7.75,0.65,15.6,65.53,6.75,41.38,75.81,54.19,27.78,20.67,52.59
880,Rice and Dal,Lunch,Veg,364,26.07,14.08,22.6,8.13,299.84,59.27,3.11,2.8,66.17,33.26,13.11,22.45,0.18,21.25,20.55,51.81,17.02
881,Vegetable Khichdi,Dinner,Veg,225,3.3,24.06,12.84,6.63,58.22,59.97,6.05,0.47,56.13,77.04,68.2,24.66,51.25,20.18,49.9,57.71,31.12
882,Grilled Chicken,Lunch,Non-Veg,83,0.0,19.0,5.59,10.59,255.18,14.06,3.49,1.1,55.3,73.93,49.54,52.08,9.46,15.44,19.02,59.0,41.92
883,Idli,Breakfast,Veg,185,0.0,30.09,21.4,1.97,85.68,107.74,2.03,2.02,32.1,13.41,48.14,17.7,14.21,50.94,89.56,67.68,87.34
884,Vegetable Upma,Breakfast,Veg,160,26.23,6.68,3.15,6.97,346.71,25.37,5.52,2.59,69.54,21.8,77.67,66.41,74.2,41.31,14.55,55.08,47.98
885,Vegetable Biryani,Lunch,Veg,383,44.03,11.71,17.78,14.91,37.42,61.79,7.55,4.64,8.16,55.05,76.62,12.27,72.34,18.62,88.71,12.84,28.78
886,Oats Porridge,Breakfast,Veg,307,21.66,21.47,14.94,13.41,223.73,83.62,3.8,0.77,50.58,19.11,62.54,67.89,73.74,15.58,38.67,41.65,83.27
887,Idli,Breakfast,Veg,102,11.93,10.35,1.43,11.41,136.47,103.79,4.95,3.8,88.15,21.87,83.82,61.02,46.53,81.42,58.03,33.01,16.4
888,Vegetable Upma,Breakfast,Veg,297,10.09,10.92,23.66,11.11,65.14,115.63,1.53,3.49,47.73,85.28,69.55,22.01,52.85,45.42,22.16,10.76,29.39
889,Egg Omelette,Dinner,Non-Veg,344,47.63,6.8,14.03,3.15,345.12,92.62,6.45,3.34,75.48,50.88,25.44,72.22,22.37,88.29,38.47,26.48,22.37
890,Dosa,Breakfast,Veg,331,54.49,10.42,7.93,6.2,146.57,13.26,4.82,3.78,82.53,1.41,48.22,28.99,49.97,41.87,46.62,36.59,59.89
891,Oats Porridge,Breakfast,Veg,84,0.0,19.47,19.38,3.84,84.26,101.67,0.55,4.06,40.0,54.02,80.47,58.8,73.09,18.35,42.12,11.59,35.94
892,Egg Omelette,Dinner,Non-Veg,258,23.93,7.13,14.86,8.27,189.84,62.6,1.95,3.99,52.99,15.9,1.05,57.19,29.28,34.5,53.97,47.35,11.22
893,Egg Omelette,Dinner,Non-Veg,202,17.72,7.81,11.1,8.53,83.0,73.14,4.14,3.8,45.14,56.83,38.99,88.2,81.76,70.97,88.94,41.57,4.37
894,Fruit Salad,Breakfast,Veg,185,0.0,24.88,12.3,8.48,37.41,41.49,1.06,1.14,46.99,79.68,43.55,59.89,41.0,66.44,45.96,50.76,64.98
895,Vegetable Upma,Breakfast,Veg,379,50.23,30.28,6.33,6.38,299.16,59.19,2.29,2.35,20.19,45.78,59.72,38.02,57.07,78.51,39.32,18.34,46.44
896,Chapati with Curry,Lunch,Veg,124,5.47,20.17,2.38,7.19,169.85,106.9,3.44,0.82,81.19,50.05,76.69,80.87,55.12,18.57,0.13,30.74,24.95
897,Chapati with Curry,Lunch,Veg,333,45.34,20.52,7.73,11.64,87.09,39.56,4.96,2.94,13.31,86.84,46.25,58.03,1.28,7.06,65.19,16.37,12.26
898,Vegetable Soup,Dinner,Veg,99,0.0,15.58,24.6,12.48,252.37,87.91,5.76,4.46,80.86,10.15,9.32,22.49,68.44,8.05,37.21,11.1,43.29
899,Vegetable Biryani,Lunch,Veg,152,0.0,4.72,19.18,5.62,98.08,109.35,0.96,2.58,53.79,64.19,65.06,8.54,28.89,30.4,24.3,74.21,47.1
900,Paneer Curry,Dinner,Veg,434,40.01,29.27,17.43,10.81,272.08,94.13,1.21,4.06,3.56,69.03,76.43,64.87,1.44,69.46,33.13,22.19,18.33
901,Egg Omelette,Dinner,Non-Veg,377,61.01,28.97,1.9,13.97,190.49,21.35,0.55,4.32,43.78,59.79,51.66,19.76,0.72,61.22,84.49,8.28,17.19
902,Vegetable Biryani,Lunch,Veg,405,49.76,15.15,16.15,1.87,135.89,26.56,4.97,2.84,66.95,53.13,53.63,14.91,32.65,68.89,69.65,72.11,23.74
903,Vegetable Biryani,Lunch,Veg,283,21.19,2.2,21.05,5.49,276.77,79.33,3.25,2.91,32.56,34.89,70.23,14.16,84.58,36.25,27.32,77.64,70.98
904,Chapati with Curry,Lunch,Veg,249,39.3,5.09,7.94,7.98,73.72,21.2,4.33,4.59,51.24,79.24,71.86,41.11,45.83,42.83,24.33,33.23,39.04
905,Vegetable Khichdi,Dinner,Veg,323,66.19,4.53,4.46,7.69,279.99,56.66,3.91,0.43,44.33,86.2,46.27,24.9,43.42,73.88,33.5,75.01,76.11
906,Paneer Curry,Dinner,Veg,360,42.03,4.43,19.35,7.38,295.3,63.25,3.42,2.38,75.52,30.91,58.26,59.42,40.41,61.7,51.41,35.6,45.33
907,Oats Porridge,Breakfast,Veg,392,40.85,10.8,20.6,4.71,144.05,81.67,1.94,3.09,46.01,19.77,81.62,21.17,31.11,81.46,73.79,19.22,83.63
908,Fruit Salad,Breakfast,Veg,361,35.42,5.71,21.83,10.08,118.13,67.58,3.89,1.42,82.25,37.73,10.17,46.9,49.45,23.66,84.04,25.09,8.91
909,Paneer Curry,Dinner,Veg,361,36.69,25.95,12.27,6.99,78.74,100.17,3.68,4.51,15.16,7.02,30.89,86.44,12.04,31.07,7.89,44.62,79.47
910,Paneer Curry,Dinner,Veg,228,9.84,29.77,7.73,12.77,218.74,65.11,4.99,4.89,26.2,83.51,56.43,6.88,65.68,24.35,74.4,34.56,27.88
911,Chapati with Curry,Lunch,Veg,259,56.87,5.25,1.17,11.84,57.57,101.44,6.91,2.36,42.27,52.94,16.55,45.62,45.69,39.21,32.34,63.59,74.88
912,Paneer Curry,Dinner,Veg,418,52.64,18.76,14.71,10.74,127.17,35.42,1.14,3.95,15.1,18.57,79.94,13.16,82.82,44.8,34.28,10.95,54.57
913,Egg Omelette,Dinner,Non-Veg,420,29.3,31.51,19.64,2.57,26.95,93.31,1.03,4.59,55.01,0.4,13.39,80.65,8.93,41.61,4.08,15.14,32.94
914,Fish Curry,Dinner,Non-Veg,428,64.72,17.15,11.17,8.43,93.21,18.26,7.82,2.28,14.56,58.98,39.74,16.78,74.23,25.01,11.49,71.37,60.9
915,Vegetable Upma,Breakfast,Veg,430,79.46,21.0,3.13,14.8,102.43,29.51,5.16,4.33,1.87,41.49,68.34,59.42,5.2,27.77,86.6,56.91,22.97
916,Fish Curry,Dinner,Non-Veg,159,0.0,17.54,22.04,2.48,324.58,54.37,1.96,1.01,7.85,67.78,16.49,64.02,45.25,88.55,62.79,63.09,29.22
917,Idli,Breakfast,Veg,129,22.25,7.61,1.06,14.62,124.45,86.48,2.53,1.03,33.06,46.08,17.0,52.15,78.68,42.77,34.32,40.51,11.88
918,Dosa,Breakfast,Veg,438,88.8,10.51,4.53,6.73,290.41,100.48,5.42,1.78,8.24,27.08,61.38,10.89,76.32,22.35,11.05,73.56,4.42
919,Vegetable Biryani,Lunch,Veg,215,0.0,27.67,18.0,14.42,75.42,32.82,3.63,4.42,31.05,86.91,6.23,14.94,5.23,17.37,60.87,86.35,48.91
920,Curd Rice,Lunch,Veg,209,0.0,17.06,17.67,10.16,177.48,56.15,2.8,1.55,41.25,50.02,4.7,72.05,28.68,8.65,47.07,41.42,34.38
921,Vegetable Biryani,Lunch,Veg,134,0.0,27.26,5.9,7.07,169.98,85.96,2.99,2.15,71.47,9.31,74.45,84.61,35.49,3.28,13.31,51.42,77.81
922,Dosa,Breakfast,Veg,189,0.0,13.07,17.6,4.38,44.29,116.38,2.9,0.88,38.33,82.32,23.95,47.87,46.25,84.44,9.47,50.75,38.98
923,Vegetable Biryani,Lunch,Veg,429,93.42,9.4,1.97,12.33,167.36,88.48,0.75,3.41,22.75,19.49,24.39,21.18,1.73,24.27,34.72,56.14,48.75
924,Vegetable Biryani,Lunch,Veg,125,0.0,19.28,20.78,10.36,252.54,117.12,5.42,1.9,46.44,60.14,86.19,30.46,21.41,40.9,78.35,20.66,17.78
925,Oats Porridge,Breakfast,Veg,303,25.2,8.21,18.82,11.69,142.7,12.5,3.67,4.91,55.92,51.35,87.83,20.16,86.89,66.29,83.46,17.1,5.93
926,Chapati with Curry,Lunch,Veg,379,33.23,34.36,12.07,11.81,252.15,82.22,1.68,2.62,48.61,62.55,2.86,34.4,56.0,70.46,58.45,43.15,26.32
927,Idli,Breakfast,Veg,322,34.35,21.33,11.03,12.25,164.6,68.02,1.21,4.08,12.61,64.86,51.17,13.3,51.21,29.32,43.38,49.37,25.63
928,Vegetable Upma,Breakfast,Veg,165,0.0,29.37,5.8,11.05,189.43,79.27,3.88,4.77,17.72,86.35,43.17,7.22,62.12,74.43,26.15,47.11,47.1
929,Rice and Dal,Lunch,Veg,327,30.51,33.15,8.04,9.53,28.35,45.31,3.86,1.4,81.53,48.8,25.8,19.56,48.66,41.42,79.84,8.66,27.91
930,Fish Curry,Dinner,Non-Veg,288,39.28,25.7,3.12,3.42,90.52,119.27,3.19,0.39,17.05,78.78,82.4,15.85,74.04,80.29,74.39,59.93,80.02
931,Vegetable Soup,Dinner,Veg,402,66.11,8.54,11.49,6.73,324.14,30.68,3.08,4.73,38.62,26.62,72.81,19.08,23.12,29.8,88.84,36.02,53.87
932,Dosa,Breakfast,Veg,325,10.13,21.03,22.26,4.34,22.1,59.19,4.36,4.81,5.87,75.33,19.33,39.18,28.66,78.58,15.31,32.35,33.92
933,Oats Porridge,Breakfast,Veg,414,41.62,24.98,16.4,5.86,22.76,86.35,1.43,2.69,47.03,61.75,39.7,14.71,23.15,72.73,38.65,78.88,74.55
934,Oats Porridge,Breakfast,Veg,221,31.39,3.11,9.22,3.94,139.09,108.36,2.56,3.1,62.82,8.57,69.34,32.26,2.71,75.25,33.14,54.49,78.02
935,Curd Rice,Lunch,Veg,447,45.02,22.07,19.85,9.19,204.79,31.47,2.02,1.45,72.44,37.2,25.03,34.64,21.74,9.36,42.15,29.92,64.62
936,Fish Curry,Dinner,Non-Veg,439,50.06,24.48,15.65,1.32,346.58,82.51,2.75,0.92,71.42,53.72,65.11,13.54,48.97,3.0,52.35,5.19,21.7
937,Vegetable Upma,Breakfast,Veg,250,51.37,3.01,3.61,13.03,296.19,35.12,1.63,0.51,22.13,43.82,63.34,15.87,29.4,12.13,49.03,63.88,71.33
938,Vegetable Soup,Dinner,Veg,330,74.77,4.22,1.56,10.92,52.04,89.23,4.21,1.07,77.35,46.39,14.48,45.86,17.06,21.31,31.36,60.83,6.4
939,Chapati with Curry,Lunch,Veg,365,58.23,17.29,6.99,9.13,194.14,114.14,7.88,2.29,75.11,45.44,78.91,76.27,89.45,62.62,76.34,32.82,77.22
940,Idli,Breakfast,Veg,370,35.98,21.58,15.53,9.67,305.3,102.65,4.82,4.39,21.33,82.67,12.18,80.44,52.17,56.97,13.6,37.73,79.97
941,Dosa,Breakfast,Veg,228,0.0,8.14,23.4,5.91,270.81,103.48,2.21,4.04,55.66,27.6,13.24,5.3,13.34,10.23,59.2,47.0,76.82
942,Vegetable Upma,Breakfast,Veg,121,0.0,2.68,21.95,9.84,137.25,66.38,7.55,3.27,39.32,33.71,81.69,19.95,39.27,53.07,24.33,43.5,41.64
943,Paneer Curry,Dinner,Veg,298,30.56,3.03,18.18,10.86,145.06,61.85,4.97,3.38,2.76,17.64,73.68,70.66,72.95,34.14,81.35,77.48,0.91
944,Egg Omelette,Dinner,Non-Veg,283,31.62,12.89,11.66,11.14,79.48,41.76,1.22,4.97,62.22,74.76,36.56,74.48,75.59,65.01,89.44,65.06,86.87
945,Vegetable Soup,Dinner,Veg,195,11.74,17.95,8.47,5.86,66.26,63.53,2.81,0.68,32.82,63.72,43.7,57.82,30.58,10.6,37.98,18.47,17.47
946,Paneer Curry,Dinner,Veg,382,13.15,31.16,22.75,12.57,301.29,57.27,1.27,3.24,17.59,40.17,48.34,5.5,40.16,55.46,10.45,56.38,42.25
947,Vegetable Soup,Dinner,Veg,405,53.83,27.21,8.98,9.43,140.16,91.24,1.8,0.36,51.48,28.27,22.79,45.11,29.37,37.17,39.7,61.83,66.32
948,Vegetable Upma,Breakfast,Veg,131,19.81,4.39,3.8,3.72,80.42,84.53,7.15,4.25,62.18,71.58,63.4,0.21,72.69,43.31,79.48,28.97,62.49
949,Fish Curry,Dinner,Non-Veg,424,37.78,29.59,17.17,14.94,223.79,85.23,6.04,3.38,11.7,56.47,71.1,89.18,7.63,19.68,77.62,68.84,69.51
950,Chapati with Curry,Lunch,Veg,80,0.0,21.01,1.34,6.99,66.46,60.64,6.88,1.59,25.3,11.79,0.2,88.39,3.03,43.16,25.44,77.51,40.93
951,Chapati with Curry,Lunch,Veg,396,73.91,9.41,6.97,7.57,274.65,79.12,4.13,0.43,34.42,84.05,49.22,69.01,61.89,26.91,61.24,0.51,41.97
952,Chapati with Curry,Lunch,Veg,138,0.0,30.06,21.71,11.8,141.66,117.36,1.0,3.27,7.01,54.49,58.95,10.12,15.77,14.77,60.51,46.78,51.99
953,Fruit Salad,Breakfast,Veg,110,0.85,13.13,6.01,3.35,278.13,63.33,3.89,3.43,89.07,49.91,53.86,4.63,43.21,6.17,80.8,10.15,78.11
954,Fish Curry,Dinner,Non-Veg,174,0.0,13.31,24.08,7.06,169.12,67.95,6.78,3.69,30.39,53.91,60.92,63.89,61.38,11.84,27.55,44.61,7.01
955,Paneer Curry,Dinner,Veg,401,72.5,20.28,3.32,13.0,128.69,102.58,2.66,1.28,10.35,4.39,79.99,83.05,46.15,11.13,53.39,64.51,40.12
956,Fish Curry,Dinner,Non-Veg,228,40.44,7.97,3.82,10.0,155.08,87.28,2.86,2.75,1.06,56.92,25.2,75.98,79.55,71.54,50.39,65.03,31.97
957,Grilled Chicken,Lunch,Non-Veg,149,0.0,22.74,13.34,8.5,279.21,107.92,3.91,0.96,87.84,63.48,17.33,29.02,75.51,72.56,76.34,81.7,55.19
958,Fish Curry,Dinner,Non-Veg,283,7.61,30.78,14.38,5.52,93.24,36.97,0.62,4.0,52.08,74.92,74.52,50.36,61.94,76.56,55.56,72.19,68.74
959,Vegetable Biryani,Lunch,Veg,145,0.0,31.09,12.31,8.24,301.02,17.88,4.77,1.58,78.2,30.08,25.73,21.72,69.0,47.9,84.64,55.98,41.58
960,Fish Curry,Dinner,Non-Veg,176,0.0,30.33,11.62,7.35,314.12,48.02,7.04,4.67,48.98,14.99,39.7,19.53,72.95,21.34,28.85,86.59,50.1
961,Idli,Breakfast,Veg,226,3.11,4.3,21.82,10.88,163.23,18.93,1.23,2.78,14.75,58.64,36.34,89.23,88.99,48.32,17.83,70.25,82.94
962,Vegetable Upma,Breakfast,Veg,390,80.14,3.68,6.08,10.05,26.56,39.17,7.0,0.39,68.81,52.97,63.87,78.07,4.38,47.94,41.76,88.75,16.87
963,Chapati with Curry,Lunch,Veg,272,33.52,20.6,6.17,6.31,297.43,14.45,7.08,3.3,55.59,72.9,45.81,30.36,42.59,12.6,47.8,60.02,34.21
964,Vegetable Biryani,Lunch,Veg,138,0.0,26.74,12.67,11.27,96.17,52.28,7.94,0.84,47.22,49.58,33.63,23.07,49.68,47.46,46.61,74.29,56.95
965,Curd Rice,Lunch,Veg,102,3.2,12.71,4.26,5.45,28.06,106.95,2.99,0.69,86.17,35.23,65.11,54.83,53.87,76.03,13.96,68.55,1.87
966,Rice and Dal,Lunch,Veg,297,57.53,8.44,3.68,8.05,282.86,20.07,3.41,1.4,86.57,23.63,35.61,20.98,82.1,78.16,40.52,67.94,72.75
967,Idli,Breakfast,Veg,311,62.16,9.6,2.66,5.55,39.52,44.67,3.09,0.85,43.19,22.72,71.81,59.07,69.51,0.98,1.15,40.19,46.96
968,Chapati with Curry,Lunch,Veg,154,0.0,26.0,6.18,12.15,242.23,60.04,7.28,0.42,29.75,42.42,58.22,0.85,88.91,36.16,9.52,2.76,30.27
969,Fruit Salad,Breakfast,Veg,84,7.32,6.3,3.28,8.0,163.19,97.38,6.29,3.6,84.92,8.77,79.22,43.26,84.47,70.91,7.92,61.31,41.28
970,Chapati with Curry,Lunch,Veg,412,56.07,3.39,19.35,3.0,316.53,29.59,7.19,1.34,64.53,45.84,23.87,85.74,43.32,22.69,77.06,66.17,66.61
971,Idli,Breakfast,Veg,443,39.33,19.62,23.02,12.35,200.88,73.59,7.74,3.56,28.71,18.98,89.5,37.75,61.09,72.62,8.9,28.38,33.24
972,Vegetable Soup,Dinner,Veg,86,0.0,12.98,24.86,1.4,188.55,19.71,7.43,1.19,15.03,78.51,64.3,34.16,56.98,32.47,32.95,59.42,26.34
973,Fish Curry,Dinner,Non-Veg,82,0.0,25.77,24.35,12.55,154.02,84.06,7.94,3.49,11.97,44.3,65.05,69.61,17.67,29.52,65.82,74.56,68.37
974,Vegetable Soup,Dinner,Veg,182,0.0,27.2,10.12,13.84,83.9,103.09,6.82,1.24,83.95,73.95,66.38,61.58,65.79,81.21,85.65,11.07,53.33
975,Vegetable Khichdi,Dinner,Veg,140,0.0,20.65,24.51,2.0,325.78,19.04,7.13,2.3,64.62,41.16,42.27,79.7,54.1,68.24,10.26,29.39,83.38
976,Curd Rice,Lunch,Veg,273,23.39,11.13,14.99,1.94,184.45,20.36,7.79,0.74,11.4,18.45,0.23,43.32,3.06,55.38,77.85,19.21,5.07
977,Rice and Dal,Lunch,Veg,348,42.57,27.22,7.65,13.79,26.29,75.59,1.45,2.11,82.12,87.96,84.91,31.02,53.26,45.64,39.98,46.54,36.5
978,Egg Omelette,Dinner,Non-Veg,168,12.05,11.23,8.32,13.51,348.82,55.21,7.25,1.71,59.78,80.3,64.07,43.65,12.73,27.39,89.69,62.25,19.65
979,Egg Omelette,Dinner,Non-Veg,125,0.0,21.1,5.63,4.46,84.65,84.6,3.09,3.5,1.56,83.95,7.65,4.71,42.03,37.45,63.98,21.42,35.92
980,Fruit Salad,Breakfast,Veg,434,25.76,29.55,23.64,10.75,190.99,53.5,4.11,3.46,18.07,39.57,67.29,81.53,41.15,48.17,40.34,31.51,60.55
981,Curd Rice,Lunch,Veg,254,4.42,34.94,10.73,7.3,259.57,68.99,4.4,2.11,76.93,27.12,14.37,8.74,54.67,42.58,75.31,5.64,53.92
982,Vegetable Soup,Dinner,Veg,292,39.12,7.64,11.66,10.89,58.78,87.83,1.86,1.67,24.98,48.84,25.25,82.32,5.6,48.59,88.15,28.39,29.47
983,Vegetable Biryani,Lunch,Veg,312,0.0,31.05,22.82,8.73,157.41,94.77,3.32,2.45,59.92,22.6,52.76,1.82,20.39,80.24,10.92,6.6,33.06
984,Paneer Curry,Dinner,Veg,133,0.0,31.29,15.42,13.33,267.24,76.17,3.6,1.37,34.95,6.05,24.76,56.72,64.46,47.36,6.38,34.52,8.2
985,Vegetable Upma,Breakfast,Veg,335,38.66,2.97,18.72,13.1,78.65,15.79,2.54,4.62,52.24,9.19,76.2,3.49,62.55,81.16,9.61,61.98,66.2
986,Curd Rice,Lunch,Veg,385,56.93,19.9,8.63,12.52,115.6,119.29,7.87,4.93,43.28,70.84,56.44,64.07,35.05,58.87,2.45,80.81,17.58
987,Fish Curry,Dinner,Non-Veg,277,45.14,3.23,9.28,6.42,216.51,36.59,3.82,4.71,66.11,5.96,79.75,6.29,29.63,45.28,17.17,46.99,66.24
988,Vegetable Upma,Breakfast,Veg,101,0.0,33.19,12.4,8.96,119.57,55.52,6.1,2.13,77.45,22.72,67.23,77.02,3.78,60.22,15.56,64.43,80.29
989,Chapati with Curry,Lunch,Veg,188,0.0,32.14,10.05,4.64,137.52,21.82,3.05,1.79,76.98,28.5,57.55,11.08,52.78,4.92,47.46,82.51,81.63
990,Vegetable Khichdi,Dinner,Veg,211,15.62,29.59,3.35,7.81,295.77,67.06,6.21,0.47,34.01,20.58,28.94,39.13,60.98,2.56,8.03,85.48,60.84
991,Vegetable Upma,Breakfast,Veg,198,8.02,23.3,8.08,10.18,59.12,15.36,4.8,2.56,8.57,63.15,48.47,55.35,47.97,77.35,3.91,53.97,22.57
992,Fish Curry,Dinner,Non-Veg,286,40.88,2.14,12.66,8.28,244.13,42.66,6.97,0.8,10.29,50.3,2.85,15.63,23.18,36.8,52.75,17.76,57.32
993,Vegetable Khichdi,Dinner,Veg,109,0.0,16.13,18.96,3.96,65.73,83.52,1.99,0.47,59.24,62.33,36.83,89.48,70.31,24.75,59.54,3.95,18.87
994,Curd Rice,Lunch,Veg,420,87.48,14.1,1.52,11.82,50.62,40.06,3.24,2.41,28.16,62.91,86.12,78.6,42.35,60.95,88.79,23.7,14.46
995,Oats Porridge,Breakfast,Veg,110,0.0,9.08,10.7,3.16,146.81,17.75,6.0,2.17,18.5,87.18,51.36,10.73,25.65,5.53,53.64,12.16,12.75
996,Vegetable Upma,Breakfast,Veg,292,21.22,17.42,15.27,8.58,341.86,31.59,3.95,3.93,61.04,49.95,88.01,31.13,65.6,89.9,24.78,68.22,39.28
997,Paneer Curry,Dinner,Veg,377,21.51,22.79,22.2,13.04,166.61,50.82,3.18,3.83,24.79,57.41,25.7,55.4,2.35,66.11,42.67,80.43,59.14
998,Egg Omelette,Dinner,Non-Veg,394,89.92,3.83,2.11,5.37,301.57,23.7,6.47,4.82,67.52,51.06,89.38,12.04,85.67,81.24,69.0,56.25,70.47
999,Idli,Breakfast,Veg,83,0.0,34.15,9.09,9.33,133.28,97.67,6.65,1.22,35.16,12.72,63.15,26.05,16.28,15.61,37.99,60.93,64.31
1000,Curd Rice,Lunch,Veg,319,16.12,29.0,15.39,5.39,309.87,68.82,7.54,1.96,71.18,9.37,6.4,36.77,49.53,85.75,56.84,53.08,18.12
1001,Vegetable Soup,Dinner,Veg,368,38.27,18.14,15.82,13.88,42.04,71.58,7.13,3.69,62.74,8.87,68.97,4.73,61.77,87.31,23.1,79.72,47.47
1002,Fruit Salad,Breakfast,Veg,122,0.0,20.94,21.5,7.59,99.26,38.02,2.48,4.99,48.07,7.68,62.64,75.7,0.71,28.36,23.48,67.47,55.22
1003,Vegetable Upma,Breakfast,Veg,197,0.0,7.69,18.99,3.03,259.14,114.15,7.82,1.19,16.64,4.95,50.4,20.62,8.86,72.98,21.43,2.71,44.81
1004,Vegetable Upma,Breakfast,Veg,360,27.58,26.69,15.88,10.02,42.66,18.95,2.03,3.34,33.57,34.4,7.07,48.97,73.19,12.82,17.18,50.13,22.48
1005,Vegetable Khichdi,Dinner,Veg,393,53.9,5.29,17.36,2.13,329.37,14.92,5.93,3.13,44.26,89.97,8.8,2.84,67.91,17.16,0.52,42.53,25.93
1006,Fish Curry,Dinner,Non-Veg,153,0.0,25.0,15.29,2.82,140.57,116.21,6.67,2.43,36.7,52.19,60.7,10.29,27.26,73.18,44.82,54.34,74.91
1007,Dosa,Breakfast,Veg,231,10.12,13.99,14.95,5.48,22.4,68.65,6.93,2.7,23.64,60.74,43.19,38.98,3.0,87.75,25.31,7.22,33.09
1008,Dosa,Breakfast,Veg,305,46.29,18.24,5.21,6.14,117.34,114.03,6.68,3.76,85.73,49.99,44.15,4.26,58.86,42.69,11.83,12.1,63.26
1009,Vegetable Khichdi,Dinner,Veg,128,0.0,30.42,16.23,5.75,110.71,61.56,1.65,2.37,73.33,28.5,82.91,82.28,75.91,60.67,74.18,8.01,58.79
1010,Vegetable Khichdi,Dinner,Veg,129,0.0,6.36,16.87,6.39,306.44,38.61,7.47,3.05,29.39,81.92,72.49,51.67,30.33,38.8,82.27,9.42,37.67
1011,Vegetable Soup,Dinner,Veg,294,33.2,32.9,3.29,12.55,66.99,16.4,1.26,3.75,81.87,44.4,64.17,4.54,69.27,35.15,74.44,46.61,22.72
1012,Oats Porridge,Breakfast,Veg,261,21.58,20.7,10.21,4.83,317.24,17.93,2.58,4.49,40.68,89.46,58.2,19.78,17.01,34.99,12.06,31.48,65.03
1013,Oats Porridge,Breakfast,Veg,321,40.31,8.33,14.05,10.33,328.71,84.2,4.02,3.97,43.89,30.46,25.68,82.72,12.39,76.22,81.35,6.28,75.03
1014,Dosa,Breakfast,Veg,345,32.07,14.2,17.77,9.13,84.15,15.06,2.42,2.36,88.85,1.68,63.12,30.0,13.87,72.17,78.71,29.23,20.1
1015,Oats Porridge,Breakfast,Veg,365,52.05,25.29,6.18,9.92,217.62,13.96,0.85,4.4,14.5,0.59,23.25,51.37,76.32,9.33,34.56,61.8,75.63
1016,Vegetable Biryani,Lunch,Veg,259,28.4,7.28,12.92,5.13,260.29,99.98,3.29,1.7,15.48,88.39,49.46,77.65,81.64,14.65,18.09,50.17,20.3
1017,Fish Curry,Dinner,Non-Veg,431,65.32,25.31,7.61,6.17,29.6,48.21,6.33,3.62,45.94,87.6,25.27,40.7,8.12,79.5,18.67,46.54,55.16
1018,Vegetable Biryani,Lunch,Veg,230,0.0,33.31,14.4,1.35,51.98,113.06,4.28,0.52,37.06,1.15,61.11,46.3,29.55,83.18,69.05,10.75,71.97
1019,Chapati with Curry,Lunch,Veg,436,68.72,21.02,8.56,6.4,214.13,37.71,4.75,3.42,74.6,33.65,82.34,20.21,59.05,23.19,13.05,77.74,34.45
1020,Vegetable Upma,Breakfast,Veg,343,23.19,33.4,12.96,1.93,300.31,40.01,0.6,4.03,21.0,35.43,78.33,31.68,66.29,72.92,53.32,27.91,14.33
1021,Grilled Chicken,Lunch,Non-Veg,364,49.45,26.45,6.71,2.13,121.93,23.5,5.33,2.94,17.57,59.41,14.48,52.81,57.6,40.79,8.93,72.75,14.97
1022,Idli,Breakfast,Veg,275,55.76,8.15,2.15,6.77,294.15,118.4,2.89,3.02,3.57,0.59,3.15,89.16,25.84,28.42,75.2,87.78,52.42
1023,Dosa,Breakfast,Veg,126,0.0,11.69,19.69,14.14,302.12,71.53,2.47,2.52,71.06,36.8,9.77,56.05,32.52,31.13,8.27,24.25,40.08
1024,Oats Porridge,Breakfast,Veg,244,35.14,20.93,2.19,4.54,98.23,106.86,2.79,0.82,44.21,74.88,48.81,84.48,37.45,25.51,61.8,16.26,49.78
1025,Vegetable Upma,Breakfast,Veg,134,0.0,30.33,10.57,4.71,30.48,50.77,0.57,1.93,32.97,31.78,78.73,79.88,57.61,39.51,10.44,72.04,77.11
1026,Fish Curry,Dinner,Non-Veg,92,0.88,17.22,2.18,5.33,65.87,44.67,6.01,0.32,47.03,23.61,42.25,71.32,22.42,34.48,15.79,23.21,15.54
1027,Fruit Salad,Breakfast,Veg,95,0.0,21.0,8.75,3.94,286.29,113.46,6.86,1.23,1.55,63.7,32.72,38.5,36.32,63.1,84.25,36.79,41.0
1028,Vegetable Biryani,Lunch,Veg,186,18.04,3.06,11.29,11.9,129.85,113.66,6.2,4.52,4.37,1.3,26.18,74.75,15.23,89.93,1.65,30.89,78.57
1029,Vegetable Biryani,Lunch,Veg,418,55.35,6.94,18.76,14.25,324.04,93.08,7.77,4.55,11.16,70.58,50.88,73.89,76.8,0.16,81.02,71.16,4.75
1030,Vegetable Khichdi,Dinner,Veg,416,25.03,29.31,22.07,9.24,298.34,78.33,2.33,1.18,6.91,34.75,29.6,20.15,7.78,19.41,11.29,42.23,61.38
1031,Paneer Curry,Dinner,Veg,159,1.87,6.97,13.74,3.98,62.73,69.24,6.88,1.25,49.3,7.68,77.91,81.92,41.0,40.27,32.83,35.14,64.62
1032,Vegetable Upma,Breakfast,Veg,105,0.0,9.19,16.68,5.99,177.77,53.81,4.52,0.41,34.3,55.86,15.38,47.47,21.54,37.61,27.81,29.54,7.39
1033,Rice and Dal,Lunch,Veg,354,76.49,5.91,2.71,12.84,218.36,73.37,0.62,0.59,9.96,18.55,37.26,69.79,25.33,41.57,81.6,2.93,68.44
1034,Rice and Dal,Lunch,Veg,213,0.0,22.36,22.55,12.71,220.61,71.58,3.28,2.19,55.53,16.01,0.44,11.87,69.34,41.54,25.21,55.81,24.36
1035,Chapati with Curry,Lunch,Veg,386,73.64,10.94,5.3,13.92,41.53,49.6,2.69,3.21,53.36,8.81,71.85,45.19,48.12,86.49,24.89,73.34,19.6
1036,Rice and Dal,Lunch,Veg,334,39.01,32.68,5.25,9.64,31.81,92.25,5.68,1.27,31.81,6.43,72.89,62.84,62.77,37.17,5.36,82.89,42.64
1037,Grilled Chicken,Lunch,Non-Veg,347,20.5,22.89,19.27,3.48,268.48,118.82,1.48,4.17,82.13,21.66,12.81,23.67,76.24,77.71,44.87,67.78,55.08
1038,Egg Omelette,Dinner,Non-Veg,311,0.0,30.53,23.26,9.62,289.0,24.24,3.87,3.76,84.9,63.92,86.83,53.3,69.2,87.27,79.69,15.79,28.77
1039,Paneer Curry,Dinner,Veg,377,78.62,12.39,1.44,4.71,197.49,88.14,2.55,0.32,55.64,40.55,57.67,67.57,56.04,31.14,32.25,51.01,53.26
1040,Vegetable Biryani,Lunch,Veg,122,0.0,17.38,13.84,1.34,102.18,65.37,3.65,4.31,45.66,31.01,71.48,43.24,34.64,79.36,47.75,61.1,53.92
1041,Dosa,Breakfast,Veg,384,20.38,24.37,22.78,12.81,142.85,48.4,5.09,4.79,31.26,5.62,39.96,78.71,54.43,80.95,50.93,67.05,3.05
1042,Oats Porridge,Breakfast,Veg,297,31.58,2.46,17.87,4.76,268.88,52.28,2.98,4.73,34.26,47.06,4.93,26.92,77.66,23.5,44.64,60.63,88.83
1043,Fish Curry,Dinner,Non-Veg,153,0.0,27.29,19.56,8.45,220.77,19.65,2.2,4.0,70.56,11.88,26.03,11.39,48.87,75.55,78.88,62.04,57.09
1044,Vegetable Soup,Dinner,Veg,442,72.55,5.48,14.43,10.45,238.88,11.9,7.87,3.32,15.63,88.34,12.52,79.77,63.72,57.61,4.6,0.16,44.75
1045,Idli,Breakfast,Veg,124,0.0,22.49,24.35,14.86,232.49,41.53,5.91,2.59,20.14,65.11,19.0,57.45,52.82,57.38,37.89,2.5,29.28
1046,Idli,Breakfast,Veg,204,0.0,17.07,21.89,9.73,301.43,56.16,6.07,1.91,75.39,15.92,52.25,34.87,14.77,13.89,81.75,89.34,47.54
1047,Idli,Breakfast,Veg,166,3.98,29.04,3.77,13.83,264.55,110.66,5.88,3.76,9.53,54.17,68.63,68.91,75.91,26.08,38.92,55.65,68.24
1048,Grilled Chicken,Lunch,Non-Veg,173,0.0,23.5,14.14,8.76,271.89,11.61,6.95,2.69,82.63,78.69,20.0,17.87,89.46,32.22,86.87,77.2,9.4
1049,Chapati with Curry,Lunch,Veg,124,0.0,13.11,18.18,2.17,273.05,20.97,5.43,3.69,78.14,84.37,33.49,81.84,3.19,9.99,14.25,45.6,38.06
1050,Oats Porridge,Breakfast,Veg,236,0.0,33.9,17.18,11.96,242.64,60.28,5.18,3.32,89.36,79.44,18.36,18.46,36.9,36.22,87.03,77.92,60.53
1051,Vegetable Soup,Dinner,Veg,377,63.23,14.69,7.26,6.15,99.43,116.15,4.02,0.44,83.13,1.82,38.73,56.22,12.77,22.63,9.58,29.37,79.1
1052,Dosa,Breakfast,Veg,90,0.0,26.66,13.48,14.51,151.12,117.35,5.4,1.65,68.85,14.29,1.7,16.18,83.25,55.19,51.07,65.05,46.0
1053,Dosa,Breakfast,Veg,317,43.61,30.67,2.21,13.13,324.54,113.37,3.93,3.04,73.76,61.12,65.57,6.12,2.68,77.64,80.42,59.57,82.07
1054,Chapati with Curry,Lunch,Veg,316,67.92,4.8,2.79,3.2,160.31,71.03,3.8,3.52,77.69,55.66,40.95,82.78,88.82,16.78,7.83,75.0,4.42
1055,Egg Omelette,Dinner,Non-Veg,86,0.0,4.59,12.08,4.56,103.03,42.83,0.94,1.21,86.91,51.82,33.21,5.74,27.24,81.23,73.18,11.47,83.65
1056,Oats Porridge,Breakfast,Veg,355,50.98,7.84,13.3,3.34,62.0,24.33,3.28,2.76,30.02,46.05,35.88,62.54,12.73,45.95,33.12,37.97,32.97
1057,Fruit Salad,Breakfast,Veg,409,62.86,22.99,7.29,10.88,171.39,42.46,7.51,2.13,18.3,72.98,66.93,24.64,61.63,63.08,65.03,22.23,52.82
1058,Chapati with Curry,Lunch,Veg,127,0.0,19.98,17.23,9.44,112.85,94.91,3.43,3.13,41.22,63.11,33.35,22.22,42.1,74.56,79.77,36.0,55.83
1059,Paneer Curry,Dinner,Veg,224,28.6,7.4,8.89,8.95,129.85,12.78,4.42,1.75,3.19,41.66,31.46,86.97,75.83,20.56,25.51,40.65,54.47
1060,Oats Porridge,Breakfast,Veg,328,28.75,32.62,9.17,12.45,178.7,42.78,6.64,1.22,58.08,32.21,87.99,47.69,85.95,11.2,52.43,35.22,66.5
1061,Curd Rice,Lunch,Veg,293,50.8,6.88,6.92,10.32,196.11,24.78,1.7,2.3,55.3,37.4,24.8,13.9,18.03,32.34,83.39,61.26,42.73
1062,Rice and Dal,Lunch,Veg,86,0.0,25.38,13.4,10.98,142.8,12.87,0.99,2.19,4.49,46.69,23.81,61.28,11.37,24.81,51.15,68.43,40.34
1063,Vegetable Khichdi,Dinner,Veg,165,6.84,7.93,11.77,14.62,229.15,89.74,0.75,4.84,4.09,24.6,10.5,19.52,10.66,0.98,67.74,7.94,75.7
1064,Vegetable Khichdi,Dinner,Veg,107,0.0,11.24,7.05,9.75,82.08,94.36,3.45,1.28,74.3,34.07,50.4,88.26,61.73,8.28,45.83,73.42,58.58
1065,Grilled Chicken,Lunch,Non-Veg,208,40.61,2.32,4.03,5.29,331.6,57.49,2.71,4.5,86.32,39.98,43.58,89.94,7.87,39.23,76.73,25.84,51.34
1066,Grilled Chicken,Lunch,Non-Veg,242,0.0,20.46,19.64,10.98,63.16,67.48,4.88,1.37,53.35,17.46,14.17,31.93,81.79,18.87,26.45,86.22,89.44
1067,Grilled Chicken,Lunch,Non-Veg,299,0.0,30.36,24.51,8.38,230.17,15.81,1.11,4.65,16.27,41.13,39.33,65.02,85.39,28.42,85.08,66.85,73.2
1068,Vegetable Soup,Dinner,Veg,86,0.0,17.21,24.68,8.49,55.76,92.44,3.55,1.41,67.26,54.39,20.29,83.87,51.61,13.61,24.19,62.2,3.29
1069,Vegetable Biryani,Lunch,Veg,423,34.53,19.34,23.06,3.4,107.19,117.79,3.29,1.97,4.23,42.7,88.73,73.66,54.48,22.31,22.3,15.55,3.63
1070,Curd Rice,Lunch,Veg,253,1.55,29.07,14.5,12.22,243.52,98.26,5.34,4.48,84.57,60.92,10.21,11.83,59.53,24.04,86.9,69.66,57.46
1071,Grilled Chicken,Lunch,Non-Veg,294,31.4,14.76,12.15,5.17,123.64,38.41,1.99,4.29,64.86,5.46,89.35,13.35,28.66,67.15,20.72,86.95,19.32
1072,Egg Omelette,Dinner,Non-Veg,104,0.0,18.41,24.97,8.21,167.88,25.1,2.76,3.86,32.97,18.34,44.98,50.36,61.64,6.9,89.37,22.2,39.35
1073,Rice and Dal,Lunch,Veg,145,0.0,33.45,23.84,3.34,86.31,92.58,0.54,4.18,22.87,49.93,13.49,20.04,47.43,40.03,46.66,36.45,24.08
1074,Vegetable Soup,Dinner,Veg,158,0.0,27.35,17.24,8.27,343.36,48.65,3.85,2.67,22.75,60.33,74.74,30.1,41.52,72.73,49.05,10.51,64.1
1075,Chapati with Curry,Lunch,Veg,176,5.39,32.9,2.54,5.57,330.78,101.44,4.18,3.19,21.37,36.09,49.41,80.32,64.57,21.45,54.98,53.95,33.64
1076,Fruit Salad,Breakfast,Veg,309,54.48,19.15,1.61,1.51,42.88,51.18,7.07,1.46,81.45,80.83,15.85,70.27,26.99,5.91,73.88,42.38,59.6
1077,Rice and Dal,Lunch,Veg,170,0.0,28.08,12.92,7.43,309.12,55.66,2.59,2.7,74.85,75.89,17.1,64.8,29.32,15.31,26.0,76.09,24.72
1078,Grilled Chicken,Lunch,Non-Veg,181,0.0,21.22,22.74,3.81,210.05,42.36,1.21,3.11,46.47,3.24,2.07,5.89,47.37,58.34,78.14,88.33,71.58
1079,Grilled Chicken,Lunch,Non-Veg,371,35.42,13.23,19.6,1.07,226.44,91.66,6.09,3.67,25.94,18.63,29.11,3.82,76.48,31.75,59.4,8.07,68.65
1080,Oats Porridge,Breakfast,Veg,264,0.0,29.15,16.95,13.19,106.09,89.77,3.2,1.91,14.46,16.14,11.89,43.71,44.08,87.74,15.71,9.41,55.82
1081,Oats Porridge,Breakfast,Veg,181,0.0,30.36,22.92,10.24,48.26,89.06,1.91,3.34,69.85,74.82,39.85,85.01,76.22,26.4,88.38,56.88,6.66
1082,Vegetable Biryani,Lunch,Veg,268,17.55,5.89,19.36,1.76,229.02,66.57,7.0,4.64,46.27,43.25,39.71,88.53,3.93,73.81,17.45,62.76,51.36
1083,Egg Omelette,Dinner,Non-Veg,218,0.0,34.83,23.37,12.86,340.42,32.91,1.94,4.76,68.4,74.9,4.81,72.38,15.29,9.88,26.77,23.28,30.07
1084,Chapati with Curry,Lunch,Veg,317,22.73,20.65,15.94,2.79,113.05,55.29,6.46,1.01,75.23,16.58,34.95,6.42,71.4,83.85,72.18,8.6,27.61
1085,Dosa,Breakfast,Veg,113,0.0,20.83,20.5,10.4,239.39,39.78,4.11,1.47,76.45,52.73,7.02,62.19,24.15,70.74,63.45,42.33,23.84
1086,Vegetable Biryani,Lunch,Veg,412,45.25,27.15,13.6,2.89,122.13,114.96,4.55,2.2,85.75,13.28,43.25,81.85,26.85,70.17,76.43,58.03,63.92
1087,Vegetable Biryani,Lunch,Veg,265,2.88,29.06,15.25,14.21,61.44,20.99,6.28,0.99,32.2,16.67,80.61,83.61,87.0,21.55,74.28,72.32,27.82
1088,Vegetable Soup,Dinner,Veg,419,39.63,18.77,20.6,2.9,121.49,30.49,7.22,1.28,64.36,49.11,31.33,27.9,76.62,68.07,73.96,81.29,37.28
1089,Dosa,Breakfast,Veg,369,43.78,34.41,6.25,4.83,112.94,36.0,3.31,1.67,60.5,9.14,40.61,14.91,79.98,46.04,24.78,31.77,17.38
1090,Fish Curry,Dinner,Non-Veg,212,16.55,8.41,12.46,8.52,314.09,103.34,2.09,1.78,78.49,81.6,32.26,13.24,38.41,50.15,48.94,40.88,22.54
1091,Vegetable Soup,Dinner,Veg,360,38.82,24.47,11.87,10.11,149.16,110.45,5.18,2.89,27.44,66.31,79.23,64.26,7.02,46.98,75.78,10.52,43.84
1092,Dosa,Breakfast,Veg,203,29.16,2.69,8.4,8.3,282.36,22.09,7.55,1.86,39.33,46.56,11.84,77.97,16.27,11.55,49.87,15.94,38.71
1093,Oats Porridge,Breakfast,Veg,180,0.0,32.53,22.19,11.29,204.43,19.79,1.16,3.77,21.1,49.42,5.6,3.88,47.12,49.04,10.11,50.85,41.72
1094,Vegetable Biryani,Lunch,Veg,148,0.0,28.04,5.6,1.88,340.61,36.14,2.85,1.17,39.89,83.68,88.26,7.64,39.67,51.54,37.53,15.87,67.54
1095,Vegetable Upma,Breakfast,Veg,149,0.0,31.3,11.45,13.74,97.91,28.98,7.07,0.88,28.66,59.52,16.3,56.95,42.04,55.55,48.9,89.4,47.58
1096,Egg Omelette,Dinner,Non-Veg,370,67.28,5.47,8.78,3.37,336.78,35.22,4.35,1.05,77.42,0.57,6.64,49.57,75.67,75.64,70.73,70.88,71.99
1097,Curd Rice,Lunch,Veg,442,42.87,17.66,22.21,12.79,37.81,62.15,6.03,3.91,12.25,3.35,30.21,30.0,62.12,39.04,61.73,28.06,44.01
1098,Rice and Dal,Lunch,Veg,260,41.66,16.23,3.16,2.85,74.46,48.3,6.58,1.24,8.37,55.65,31.89,69.61,84.59,46.3,9.89,10.02,53.51
1099,Vegetable Upma,Breakfast,Veg,208,0.0,7.38,22.2,10.93,164.13,55.61,7.45,1.99,83.25,30.58,36.04,62.67,15.4,4.05,21.68,73.75,76.94
1100,Egg Omelette,Dinner,Non-Veg,450,97.13,3.42,5.31,2.68,343.66,107.21,2.76,3.2,64.79,59.64,57.23,73.35,48.21,23.38,82.28,33.85,33.13
1101,Grilled Chicken,Lunch,Non-Veg,406,71.95,9.57,8.88,12.14,33.45,111.7,1.69,1.89,54.01,4.53,35.15,34.66,78.35,89.48,36.21,68.7,41.32
1102,Grilled Chicken,Lunch,Non-Veg,265,11.05,25.66,13.13,14.9,134.7,112.33,0.57,1.33,79.54,80.93,71.56,51.74,4.19,26.75,13.16,33.28,36.22
1103,Vegetable Upma,Breakfast,Veg,406,54.37,24.63,10.0,13.79,76.94,61.18,6.42,3.55,7.99,61.33,13.22,0.41,30.36,0.84,81.35,70.5,23.94
1104,Idli,Breakfast,Veg,280,19.51,20.27,13.43,3.5,136.69,74.75,3.73,0.78,36.14,64.32,38.31,17.53,26.79,2.95,37.61,50.98,55.94
1105,Fish Curry,Dinner,Non-Veg,339,31.39,7.48,20.39,6.29,20.23,29.48,4.38,0.47,40.15,53.69,39.56,20.5,8.66,33.58,76.73,79.86,37.07
1106,Curd Rice,Lunch,Veg,126,0.0,5.5,15.64,11.22,73.66,24.7,4.29,1.91,73.84,65.74,66.94,44.03,56.09,23.19,35.17,35.78,2.47
1107,Grilled Chicken,Lunch,Non-Veg,136,1.96,2.2,13.26,3.54,130.05,107.59,3.33,0.62,84.27,33.88,51.06,3.14,79.87,62.47,29.67,75.17,52.29
1108,Paneer Curry,Dinner,Veg,213,24.5,22.77,2.66,9.87,40.5,80.11,6.87,2.37,67.54,80.82,9.5,79.34,85.1,63.03,67.53,71.38,36.79
1109,Egg Omelette,Dinner,Non-Veg,352,34.27,18.0,15.88,12.01,239.22,116.79,5.75,4.89,76.91,71.96,87.33,20.81,16.53,4.19,56.17,70.12,1.34
1110,Fruit Salad,Breakfast,Veg,434,32.92,19.69,24.84,5.8,44.76,91.28,0.84,3.15,76.12,18.48,77.12,63.81,58.75,44.72,32.61,15.01,21.41
1111,Dosa,Breakfast,Veg,405,69.32,13.57,8.16,13.07,299.52,20.12,2.17,0.4,1.72,77.88,3.06,80.56,72.02,22.27,85.98,35.27,31.55
1112,Curd Rice,Lunch,Veg,213,3.2,10.32,17.66,2.56,102.06,43.96,2.27,1.65,51.32,64.02,67.36,65.14,52.01,62.37,83.69,78.5,38.21
1113,Fish Curry,Dinner,Non-Veg,204,0.0,9.51,23.16,14.75,80.44,10.17,4.72,2.04,7.67,25.36,20.45,58.29,1.02,59.86,17.72,32.21,53.63
1114,Curd Rice,Lunch,Veg,223,0.0,33.04,18.76,10.94,308.98,95.8,5.58,3.44,53.69,51.38,32.67,18.4,51.74,37.9,89.91,67.51,82.99
1115,Idli,Breakfast,Veg,160,0.0,31.24,17.97,14.26,227.93,61.53,6.71,3.77,80.59,76.45,52.47,1.71,83.08,26.95,55.45,75.24,80.85
1116,Rice and Dal,Lunch,Veg,333,30.26,6.8,20.53,12.88,75.45,98.73,3.73,2.02,75.82,59.04,20.17,5.9,39.55,59.96,59.63,82.48,63.79
1117,Vegetable Khichdi,Dinner,Veg,298,9.98,9.98,24.24,12.16,294.96,49.87,2.84,4.43,25.04,54.57,25.84,70.5,77.71,65.06,67.96,12.24,89.6
1118,Vegetable Biryani,Lunch,Veg,84,0.0,21.07,19.72,1.17,241.95,38.56,6.94,0.7,26.02,52.4,88.14,35.65,21.13,52.9,73.45,54.69,17.81
1119,Idli,Breakfast,Veg,220,18.7,24.89,5.07,2.28,103.51,95.52,2.29,4.48,60.77,77.92,8.85,51.59,31.74,33.91,81.69,36.54,71.6
1120,Curd Rice,Lunch,Veg,425,48.48,34.71,10.25,10.79,331.01,109.07,1.03,2.65,16.74,67.35,0.13,41.54,2.73,54.25,7.48,13.66,4.84
1121,Vegetable Upma,Breakfast,Veg,341,29.32,19.03,16.4,8.97,90.25,58.29,2.7,1.29,35.23,24.45,35.06,53.64,26.53,13.47,4.45,64.11,53.58
1122,Oats Porridge,Breakfast,Veg,287,45.73,18.06,3.54,14.36,221.58,83.89,4.91,2.34,59.19,70.09,41.92,21.5,4.93,31.34,12.18,81.96,37.21
1123,Grilled Chicken,Lunch,Non-Veg,111,0.0,30.63,5.93,2.28,215.38,16.82,1.86,0.87,72.8,83.94,62.73,25.88,25.13,36.0,72.13,45.96,71.14
1124,Dosa,Breakfast,Veg,163,0.0,21.39,10.25,4.48,30.32,12.26,6.63,2.24,88.8,8.67,35.57,75.22,68.53,11.74,24.2,52.22,11.78
1125,Vegetable Biryani,Lunch,Veg,222,33.41,12.12,4.43,9.0,101.42,85.16,0.93,0.78,6.62,89.9,29.38,67.97,31.63,37.76,14.74,45.24,26.47
1126,Egg Omelette,Dinner,Non-Veg,357,49.7,20.92,8.28,6.84,64.43,107.87,5.06,1.31,87.41,62.04,16.45,36.36,5.91,56.38,40.42,1.08,2.61
1127,Curd Rice,Lunch,Veg,376,42.14,3.19,21.63,9.61,115.49,86.24,2.49,4.76,20.49,10.49,66.23,34.05,39.27,63.61,36.95,28.38,15.33
1128,Grilled Chicken,Lunch,Non-Veg,145,18.23,9.29,3.88,12.86,105.3,70.65,4.69,2.7,10.09,56.37,47.59,72.74,35.17,25.84,49.55,10.76,74.29
1129,Vegetable Upma,Breakfast,Veg,168,30.66,2.84,3.78,14.85,111.54,36.67,1.22,0.58,22.2,74.25,20.13,61.15,61.89,61.22,24.51,28.26,34.55
1130,Fruit Salad,Breakfast,Veg,92,0.0,32.36,3.69,10.36,308.17,87.3,5.68,3.33,48.11,18.52,31.69,45.3,6.73,27.45,2.24,53.4,87.29
1131,Oats Porridge,Breakfast,Veg,303,34.6,29.25,5.29,9.54,275.3,34.37,4.01,2.8,79.07,81.13,10.47,32.08,76.32,74.01,31.36,36.88,40.99
1132,Egg Omelette,Dinner,Non-Veg,442,72.65,23.56,6.35,7.0,24.36,42.73,7.24,0.79,88.73,66.87,49.14,8.84,15.76,61.42,89.24,35.26,25.82
1133,Egg Omelette,Dinner,Non-Veg,228,2.85,32.39,9.67,11.58,136.38,74.94,7.89,3.52,67.73,10.61,89.2,35.55,63.85,63.26,31.85,14.79,42.05
1134,Vegetable Khichdi,Dinner,Veg,229,10.51,2.53,19.65,6.15,188.28,94.64,2.5,3.08,0.83,59.36,24.92,56.41,10.22,27.09,16.9,56.92,68.35
1135,Vegetable Upma,Breakfast,Veg,259,15.61,29.81,8.59,13.53,186.85,72.23,1.23,3.42,12.3,76.79,20.97,67.49,0.62,16.65,3.77,29.49,1.75
1136,Vegetable Khichdi,Dinner,Veg,420,37.63,27.75,17.61,1.73,178.02,12.32,3.09,2.76,27.54,9.14,41.49,67.47,85.55,58.8,70.35,73.89,81.62
1137,Vegetable Khichdi,Dinner,Veg,161,4.75,18.35,7.62,2.77,348.1,58.69,7.63,1.69,24.31,77.37,42.52,4.7,42.33,11.07,72.56,79.94,76.45
1138,Fish Curry,Dinner,Non-Veg,231,0.0,20.11,18.74,8.5,118.66,29.02,2.07,2.8,47.51,62.8,70.9,66.11,34.71,28.05,21.46,89.0,30.06
1139,Vegetable Biryani,Lunch,Veg,235,19.24,14.85,10.96,9.37,264.44,22.76,4.88,3.4,21.15,4.2,49.82,54.4,24.05,53.6,54.13,72.25,87.88
1140,Vegetable Upma,Breakfast,Veg,212,0.0,27.49,22.13,1.87,243.98,62.7,4.84,4.19,70.67,32.93,82.48,1.06,75.02,24.27,77.34,26.67,57.69
1141,Grilled Chicken,Lunch,Non-Veg,136,0.0,4.45,20.62,6.28,153.8,46.76,0.82,1.1,76.7,49.51,75.29,55.87,35.12,32.09,54.37,36.01,25.75
1142,Vegetable Upma,Breakfast,Veg,390,47.11,8.83,18.47,12.4,79.89,89.02,0.73,4.65,22.05,27.49,36.4,73.64,9.6,15.63,16.14,10.05,79.54
1143,Vegetable Upma,Breakfast,Veg,372,49.52,25.16,8.14,8.21,144.67,116.85,6.75,0.99,15.58,15.56,80.0,69.9,77.43,13.02,0.97,46.46,45.71
1144,Vegetable Khichdi,Dinner,Veg,425,78.79,23.05,1.96,9.56,202.75,31.63,4.4,3.48,79.5,16.51,63.83,33.68,57.23,65.82,86.02,68.5,35.35
1145,Paneer Curry,Dinner,Veg,146,0.0,15.39,24.63,8.03,149.3,14.46,2.11,2.92,88.77,9.91,44.66,66.03,88.62,46.09,9.11,35.9,49.15
1146,Oats Porridge,Breakfast,Veg,442,69.76,4.49,16.11,3.18,76.09,66.19,6.89,2.99,26.12,25.58,34.95,57.79,29.28,50.13,4.55,41.56,4.29
1147,Fish Curry,Dinner,Non-Veg,411,46.27,3.69,23.46,14.94,226.44,20.61,5.6,0.4,65.79,86.51,41.38,80.67,60.67,75.21,5.0,21.55,1.92
1148,Grilled Chicken,Lunch,Non-Veg,331,70.0,8.32,1.97,4.11,70.01,48.89,4.6,4.52,40.37,59.59,61.11,39.2,22.24,33.25,21.42,46.8,89.02
1149,Fish Curry,Dinner,Non-Veg,267,16.94,24.61,11.2,14.02,273.58,37.23,3.91,4.16,36.47,4.85,88.35,72.94,75.15,13.23,26.98,51.38,15.89
1150,Chapati with Curry,Lunch,Veg,264,0.0,19.69,24.05,9.67,232.27,49.96,3.08,2.09,44.25,26.35,47.99,74.4,81.93,88.48,72.39,13.76,8.23
1151,Idli,Breakfast,Veg,438,41.97,34.21,14.81,6.79,85.41,113.59,7.61,2.28,32.76,52.32,37.07,12.77,41.01,23.66,67.98,42.71,76.23
1152,Vegetable Upma,Breakfast,Veg,369,66.8,5.74,8.76,7.98,104.51,13.25,4.8,1.24,21.77,37.26,3.92,22.17,22.99,28.37,85.43,4.66,30.46
1153,Vegetable Upma,Breakfast,Veg,388,42.67,7.98,20.6,6.62,98.75,72.96,3.13,2.95,1.67,32.89,40.21,52.9,4.3,10.31,78.59,24.35,17.81
1154,Fruit Salad,Breakfast,Veg,213,8.92,19.08,11.22,4.31,269.66,15.79,2.49,0.78,22.61,41.61,47.44,49.97,38.03,18.28,28.87,46.7,56.25
1155,Curd Rice,Lunch,Veg,190,0.0,14.4,20.95,3.54,188.35,12.43,3.76,0.59,70.8,63.77,31.02,15.07,83.48,8.81,38.18,34.81,52.36
1156,Dosa,Breakfast,Veg,200,26.25,20.02,1.66,10.89,317.97,16.19,1.01,0.49,62.19,77.11,36.26,87.44,22.12,67.28,30.81,27.74,89.1
1157,Curd Rice,Lunch,Veg,120,0.0,23.57,18.79,6.36,27.13,98.13,4.59,4.69,41.58,19.7,25.3,72.63,3.67,88.44,50.92,36.3,22.55
1158,Vegetable Upma,Breakfast,Veg,215,18.79,3.66,13.91,9.01,290.41,82.04,4.73,2.89,61.33,18.8,65.51,54.97,15.79,10.6,21.7,1.25,34.24
1159,Grilled Chicken,Lunch,Non-Veg,390,11.23,33.89,23.28,13.18,186.16,15.33,3.63,4.41,0.67,25.83,17.65,1.74,73.71,48.68,46.67,67.06,86.63
1160,Oats Porridge,Breakfast,Veg,122,0.0,29.26,15.69,4.87,325.47,23.79,1.25,0.4,81.39,39.5,25.55,77.9,65.64,83.09,7.32,7.27,2.94
1161,Grilled Chicken,Lunch,Non-Veg,289,33.64,19.01,8.71,14.7,249.7,22.12,0.89,0.84,72.32,4.99,11.01,34.7,24.37,38.54,0.44,8.62,78.39
1162,Oats Porridge,Breakfast,Veg,299,0.15,25.66,21.75,9.26,215.72,58.15,6.9,0.88,29.01,2.27,80.48,4.44,71.43,14.02,37.84,48.94,76.07
1163,Vegetable Biryani,Lunch,Veg,176,0.0,30.23,22.97,7.75,169.13,58.32,7.45,4.36,3.88,52.28,16.19,52.88,15.67,88.35,68.88,41.05,16.54
1164,Paneer Curry,Dinner,Veg,118,0.0,34.17,6.86,4.34,156.46,17.07,1.31,3.2,84.66,76.09,30.11,82.82,31.7,70.83,12.13,49.68,46.24
1165,Egg Omelette,Dinner,Non-Veg,285,48.01,6.57,7.41,6.17,50.12,20.2,6.02,0.57,16.42,13.76,54.6,29.42,39.34,78.58,81.75,27.66,89.71
1166,Vegetable Biryani,Lunch,Veg,284,12.17,30.21,12.72,7.51,41.81,100.16,4.7,1.69,76.72,53.44,14.44,60.86,58.87,72.57,17.17,77.43,1.25
1167,Oats Porridge,Breakfast,Veg,229,0.0,33.93,19.65,7.82,101.29,113.46,4.22,2.06,62.72,30.59,76.93,12.5,37.53,78.68,33.39,23.85,89.01
1168,Vegetable Upma,Breakfast,Veg,383,66.92,19.18,4.29,14.86,58.94,59.56,4.47,3.79,57.46,75.46,20.7,88.32,31.45,2.26,49.92,70.14,33.31
1169,Dosa,Breakfast,Veg,84,0.0,2.6,10.06,6.3,293.3,110.97,5.16,2.75,16.29,61.63,5.44,46.41,61.13,19.19,0.95,30.56,67.39
1170,Paneer Curry,Dinner,Veg,181,0.0,33.77,19.54,14.59,34.11,22.39,7.46,2.56,13.58,22.64,70.39,65.45,46.09,30.8,40.55,89.0,53.89
1171,Vegetable Khichdi,Dinner,Veg,267,21.6,30.21,6.64,7.1,36.91,62.51,4.16,2.58,34.58,17.5,7.67,81.19,78.72,18.3,47.51,4.96,17.13
1172,Vegetable Upma,Breakfast,Veg,278,5.79,23.32,17.95,4.23,249.11,108.57,1.84,2.87,26.93,32.38,22.09,80.65,70.57,0.78,88.86,61.36,18.61
1173,Vegetable Biryani,Lunch,Veg,231,4.25,31.41,9.82,6.96,101.52,106.81,3.53,1.04,79.15,55.84,66.81,62.77,20.67,80.91,1.2,74.26,49.55
1174,Vegetable Khichdi,Dinner,Veg,162,7.55,12.56,9.06,11.75,214.4,106.0,3.76,2.71,14.14,12.92,20.38,59.26,29.18,26.7,41.3,8.38,74.03
1175,Curd Rice,Lunch,Veg,283,29.16,29.31,5.46,3.92,308.38,36.55,3.04,0.42,9.33,21.98,11.83,7.73,46.83,33.85,42.53,35.4,34.32
1176,Dosa,Breakfast,Veg,435,76.21,9.7,10.15,8.43,186.43,73.25,2.67,2.26,13.63,2.3,57.66,58.94,49.66,26.6,35.72,14.29,65.18
1177,Egg Omelette,Dinner,Non-Veg,450,85.74,21.99,2.12,3.53,114.71,11.41,6.59,2.1,41.07,74.81,78.16,11.06,32.09,11.5,43.58,85.39,89.73
1178,Fish Curry,Dinner,Non-Veg,268,29.06,27.75,4.53,6.08,199.32,33.47,4.61,1.16,10.79,81.86,46.19,64.91,89.22,44.02,18.53,65.28,66.25
1179,Vegetable Upma,Breakfast,Veg,159,0.0,29.98,24.22,10.24,262.52,116.24,2.53,1.16,59.55,85.56,41.04,77.38,10.04,8.54,73.51,69.79,31.44
1180,Vegetable Soup,Dinner,Veg,301,22.91,10.69,18.51,4.93,39.46,40.24,4.66,3.74,15.7,68.1,86.47,72.46,22.01,6.47,2.59,89.29,60.64
1181,Vegetable Khichdi,Dinner,Veg,156,0.0,27.97,12.11,1.4,128.2,82.15,4.56,2.03,35.22,19.39,33.45,72.98,81.97,50.73,81.72,26.51,26.08
1182,Oats Porridge,Breakfast,Veg,252,2.91,32.95,12.06,7.63,195.67,63.17,4.53,3.02,21.41,9.72,3.9,63.64,84.71,7.13,76.77,31.88,58.09
1183,Dosa,Breakfast,Veg,126,0.0,28.85,1.69,13.33,61.98,64.85,0.62,1.18,12.61,15.67,4.42,64.85,79.75,14.62,16.49,51.76,66.29
1184,Vegetable Soup,Dinner,Veg,233,0.0,34.91,21.5,13.1,115.16,102.42,2.96,4.69,38.68,5.6,8.27,41.15,34.98,28.41,13.52,83.06,3.47
1185,Vegetable Soup,Dinner,Veg,276,39.87,13.29,7.04,10.26,313.52,26.33,4.71,1.56,77.38,77.06,52.74,85.65,31.12,45.65,70.29,17.67,4.43
1186,Fish Curry,Dinner,Non-Veg,195,0.0,9.25,18.32,6.31,99.64,117.42,1.98,2.17,45.46,80.79,58.59,44.49,32.16,79.93,79.08,55.14,25.22
1187,Dosa,Breakfast,Veg,332,53.72,15.11,6.3,11.92,243.5,70.17,0.65,4.43,1.68,65.45,56.18,19.6,79.58,51.34,38.4,30.18,61.87
1188,Egg Omelette,Dinner,Non-Veg,340,12.67,20.56,23.01,14.92,221.91,103.48,3.97,1.97,41.91,81.45,19.61,44.13,51.73,30.7,65.0,51.07,6.82
1189,Rice and Dal,Lunch,Veg,247,28.09,25.4,3.67,3.57,78.0,100.77,7.78,2.17,25.04,75.23,15.65,18.67,52.13,58.52,8.54,84.31,1.84
1190,Vegetable Upma,Breakfast,Veg,409,59.64,3.71,17.29,14.95,59.44,110.08,7.35,2.71,36.38,57.84,10.64,76.19,45.16,11.46,67.45,26.66,75.76
1191,Fruit Salad,Breakfast,Veg,284,50.73,16.04,1.88,10.13,257.47,81.96,1.78,2.55,83.41,77.44,6.6,12.18,64.68,83.0,33.62,88.28,6.07
1192,Vegetable Soup,Dinner,Veg,276,10.74,25.07,14.75,10.86,320.05,12.47,7.14,0.87,55.72,85.11,31.91,89.17,43.86,35.87,37.27,7.32,42.12
1193,Vegetable Upma,Breakfast,Veg,272,26.42,17.55,10.68,6.72,211.83,39.93,6.02,3.04,4.52,50.4,64.57,75.22,2.15,61.09,29.81,86.86,25.25
1194,Curd Rice,Lunch,Veg,438,67.97,34.2,3.26,12.88,310.51,94.0,2.25,3.94,49.37,39.91,43.19,14.77,65.96,34.41,79.85,77.38,84.33
1195,Fish Curry,Dinner,Non-Veg,308,0.0,32.9,20.3,14.65,143.49,109.64,0.51,2.64,25.27,19.89,68.95,88.64,19.75,12.8,26.11,18.87,6.54
1196,Grilled Chicken,Lunch,Non-Veg,407,38.79,24.71,17.0,5.44,232.75,95.11,5.77,3.68,41.98,17.3,83.58,78.87,8.2,45.87,63.74,59.48,57.72
1197,Oats Porridge,Breakfast,Veg,175,15.72,12.37,6.96,5.5,30.49,59.55,1.48,3.48,29.64,77.65,13.18,83.37,49.68,63.2,39.76,23.65,62.68
1198,Dosa,Breakfast,Veg,200,7.1,10.75,14.29,3.41,329.42,46.78,7.01,3.43,89.77,54.1,70.21,29.54,45.74,52.68,22.45,68.49,62.43
1199,Oats Porridge,Breakfast,Veg,400,77.66,4.77,7.81,11.63,277.83,49.03,0.53,1.9,82.33,69.37,66.37,43.92,4.89,23.84,30.04,50.8,44.54
1200,Grilled Chicken,Lunch,Non-Veg,80,0.0,27.13,3.56,2.8,190.37,101.52,5.72,0.72,54.18,85.15,43.26,83.12,37.43,73.83,68.02,19.98,21.0
